time,euler_theta,euler_w,leapfrog_theta,leapfrog_w
0,0.1,0i0.1,0
0.005,0.1,-0.0319275i0,0
0.01,0.0998404,-0.0636954i0,0
0.015,0.0995219,-0.0952535i0,0
0.02,0.0990456,-0.126552i0,0
0.025,0.0984129,-0.157542i0,0
0.03,0.0976251,-0.188175i0,0
0.035,0.0966843,-0.218404i0,0
0.04,0.0955922,-0.248181i0,0
0.045,0.0943513,-0.27746i0,0
0.05,0.092964,-0.306197i0,0
0.055,0.0914331,-0.334347i0,0
0.06,0.0897613,-0.361868i0,0
0.065,0.087952,-0.388717i0,0
0.07,0.0860084,-0.414854i0,0
0.075,0.0839341,-0.44024i0,0
0.08,0.0817329,-0.464837i0,0
0.085,0.0794087,-0.488608i0,0
0.09,0.0769657,-0.511518i0,0
0.095,0.0744081,-0.533534i0,0
0.1,0.0717404,-0.554623i0,0
0.105,0.0689673,-0.574755i0,0
0.11,0.0660936,-0.593901i0,0
0.115,0.0631241,-0.612033i0,0
0.12,0.0600639,-0.629127i0,0
0.125,0.0569182,-0.645158i0,0
0.13,0.0536925,-0.660105i0,0
0.135,0.0503919,-0.673947i0,0
0.14,0.0470222,-0.686667i0,0
0.145,0.0435889,-0.698246i0,0
0.15,0.0400976,-0.708672i0,0
0.155,0.0365543,-0.717931i0,0
0.16,0.0329646,-0.726012i0,0
0.165,0.0293346,-0.732907i0,0
0.17,0.02567,-0.738608i0,0
0.175,0.021977,-0.743111i0,0
0.18,0.0182614,-0.746412i0,0
0.185,0.0145294,-0.74851i0,0
0.19,0.0107868,-0.749407i0,0
0.195,0.00703979,-0.749103i0,0
0.2,0.00329427,-0.747606i0,0
0.205,-0.000443757,-0.744919i0,0
0.21,-0.00416835,-0.741053i0,0
0.215,-0.00787362,-0.736017i0,0
0.22,-0.0115537,-0.729823i0,0
0.225,-0.0152028,-0.722485i0,0
0.23,-0.0188152,-0.714019i0,0
0.235,-0.0223853,-0.704441i0,0
0.24,-0.0259075,-0.693772i0,0
0.245,-0.0293764,-0.682032i0,0
0.25,-0.0327866,-0.669242i0,0
0.255,-0.0361328,-0.655428i0,0
0.26,-0.0394099,-0.640615i0,0
0.265,-0.042613,-0.624829i0,0
0.27,-0.0457371,-0.6081i0,0
0.275,-0.0487776,-0.590456i0,0
0.28,-0.0517299,-0.571931i0,0
0.285,-0.0545896,-0.552555i0,0
0.29,-0.0573523,-0.532363i0,0
0.295,-0.0600142,-0.51139i0,0
0.3,-0.0625711,-0.489672i0,0
0.305,-0.0650195,-0.467246i0,0
0.31,-0.0673557,-0.444151i0,0
0.315,-0.0695764,-0.420425i0,0
0.32,-0.0716786,-0.396109i0,0
0.325,-0.0736591,-0.371243i0,0
0.33,-0.0755153,-0.345869i0,0
0.335,-0.0772447,-0.32003i0,0
0.34,-0.0788448,-0.293767i0,0
0.345,-0.0803137,-0.267125i0,0
0.35,-0.0816493,-0.240147i0,0
0.355,-0.08285,-0.212878i0,0
0.36,-0.0839144,-0.185362i0,0
0.365,-0.0848412,-0.157643i0,0
0.37,-0.0856294,-0.129767i0,0
0.375,-0.0862783,-0.101779i0,0
0.38,-0.0867872,-0.0737235i0,0
0.385,-0.0871558,-0.0456459i0,0
0.39,-0.087384,-0.017591i0,0
0.395,-0.087472,0.0103965i0,0
0.4,-0.08742,0.0382722i0,0
0.405,-0.0872286,0.0659919i0,0
0.41,-0.0868987,0.0935119i0,0
0.415,-0.0864311,0.120789i0,0
0.42,-0.0858272,0.14778i0,0
0.425,-0.0850883,0.174444i0,0
0.43,-0.084216,0.200738i0,0
0.435,-0.0832124,0.226623i0,0
0.44,-0.0820792,0.252057i0,0
0.445,-0.080819,0.277003i0,0
0.45,-0.0794339,0.301421i0,0
0.455,-0.0779268,0.325276i0,0
0.46,-0.0763005,0.348529i0,0
0.465,-0.0745578,0.371148i0,0
0.47,-0.0727021,0.393096i0,0
0.475,-0.0707366,0.414343i0,0
0.48,-0.0686649,0.434856i0,0
0.485,-0.0664906,0.454604i0,0
0.49,-0.0642176,0.47356i0,0
0.495,-0.0618498,0.491695i0,0
0.5,-0.0593913,0.508984i0,0
0.505,-0.0568464,0.525401i0,0
0.51,-0.0542194,0.540924i0,0
0.515,-0.0515148,0.55553i0,0
0.52,-0.0487371,0.5692i0,0
0.525,-0.0458911,0.581915i0,0
0.53,-0.0429815,0.593657i0,0
0.535,-0.0400132,0.604411i0,0
0.54,-0.0369912,0.614165i0,0
0.545,-0.0339204,0.622904i0,0
0.55,-0.0308058,0.63062i0,0
0.555,-0.0276527,0.637302i0,0
0.56,-0.0244662,0.642944i0,0
0.565,-0.0212515,0.647541i0,0
0.57,-0.0180138,0.651089i0,0
0.575,-0.0147584,0.653584i0,0
0.58,-0.0114904,0.655029i0,0
0.585,-0.0082153,0.655422i0,0
0.59,-0.00493819,0.654768i0,0
0.595,-0.00166435,0.653071i0,0
0.6,0.001601,0.650337i0,0
0.605,0.00485269,0.646574i0,0
0.61,0.00808555,0.641792i0,0
0.615,0.0112945,0.636001i0,0
0.62,0.0144745,0.629215i0,0
0.625,0.0176206,0.621448i0,0
0.63,0.0207278,0.612715i0,0
0.635,0.0237914,0.603033i0,0
0.64,0.0268066,0.592422i0,0
0.645,0.0297687,0.580901i0,0
0.65,0.0326732,0.568492i0,0
0.655,0.0355156,0.555218i0,0
0.66,0.0382917,0.541103i0,0
0.665,0.0409973,0.526172i0,0
0.67,0.0436281,0.510451i0,0
0.675,0.0461804,0.49397i0,0
0.68,0.0486502,0.476756i0,0
0.685,0.051034,0.458839i0,0
0.69,0.0533282,0.440251i0,0
0.695,0.0555294,0.421023i0,0
0.7,0.0576346,0.401189i0,0
0.705,0.0596405,0.380782i0,0
0.71,0.0615444,0.359836i0,0
0.715,0.0633436,0.338387i0,0
0.72,0.0650355,0.316471i0,0
0.725,0.0666179,0.294125i0,0
0.73,0.0680885,0.271385i0,0
0.735,0.0694454,0.248289i0,0
0.74,0.0706869,0.224875i0,0
0.745,0.0718112,0.201182i0,0
0.75,0.0728172,0.177249i0,0
0.755,0.0737034,0.153114i0,0
0.76,0.074469,0.128816i0,0
0.765,0.075113,0.104396i0,0
0.77,0.075635,0.0798924i0,0
0.775,0.0760345,0.0553445i0,0
0.78,0.0763112,0.0307919i0,0
0.785,0.0764652,0.00627362i0,0
0.79,0.0764965,-0.0181712i0,0
0.795,0.0764057,-0.0425038i0,0
0.8,0.0761932,-0.0666858i0,0
0.805,0.0758597,-0.0906789i0,0
0.81,0.0754063,-0.114446i0,0
0.815,0.0748341,-0.137949i0,0
0.82,0.0741444,-0.161152i0,0
0.825,0.0733386,-0.184019i0,0
0.83,0.0724185,-0.206514i0,0
0.835,0.071386,-0.228603i0,0
0.84,0.0702429,-0.250251i0,0
0.845,0.0689917,-0.271427i0,0
0.85,0.0676345,-0.292097i0,0
0.855,0.0661741,-0.312231i0,0
0.86,0.0646129,-0.331797i0,0
0.865,0.0629539,-0.350768i0,0
0.87,0.0612001,-0.369113i0,0
0.875,0.0593545,-0.386808i0,0
0.88,0.0574205,-0.403824i0,0
0.885,0.0554014,-0.420138i0,0
0.89,0.0533007,-0.435725i0,0
0.895,0.051122,-0.450564i0,0
0.9,0.0488692,-0.464634i0,0
0.905,0.0465461,-0.477913i0,0
0.91,0.0441565,-0.490385i0,0
0.915,0.0417046,-0.502031i0,0
0.92,0.0391944,-0.512836i0,0
0.925,0.0366302,-0.522785i0,0
0.93,0.0340163,-0.531867i0,0
0.935,0.031357,-0.540068i0,0
0.94,0.0286566,-0.547379i0,0
0.945,0.0259197,-0.553791i0,0
0.95,0.0231508,-0.559298i0,0
0.955,0.0203543,-0.563893i0,0
0.96,0.0175348,-0.567572i0,0
0.965,0.014697,-0.570333i0,0
0.97,0.0118453,-0.572174i0,0
0.975,0.00898444,-0.573095i0,0
0.98,0.00611896,-0.573098i0,0
0.985,0.00325348,-0.572186i0,0
0.99,0.000392546,-0.570364i0,0
0.995,-0.00245927,-0.567637i0,0
1,-0.00529746,-0.564014i0,0
1.005,-0.00811753,-0.559502i0,0
1.01,-0.010915,-0.554113i0,0
1.015,-0.0136856,-0.547858i0,0
1.02,-0.0164249,-0.540749i0,0
1.025,-0.0191286,-0.532801i0,0
1.03,-0.0217926,-0.52403i0,0
1.035,-0.0244128,-0.514452i0,0
1.04,-0.026985,-0.504085i0,0
1.045,-0.0295055,-0.492949i0,0
1.05,-0.0319702,-0.481064i0,0
1.055,-0.0343755,-0.468451i0,0
1.06,-0.0367178,-0.455134i0,0
1.065,-0.0389935,-0.441135i0,0
1.07,-0.0411991,-0.42648i0,0
1.075,-0.0433315,-0.411193i0,0
1.08,-0.0453875,-0.395303i0,0
1.085,-0.047364,-0.378835i0,0
1.09,-0.0492582,-0.361819i0,0
1.095,-0.0510673,-0.344283i0,0
1.1,-0.0527887,-0.326257i0,0
1.105,-0.05442,-0.307771i0,0
1.11,-0.0559588,-0.288858i0,0
1.115,-0.0574031,-0.269547i0,0
1.12,-0.0587509,-0.249872i0,0
1.125,-0.0600002,-0.229865i0,0
1.13,-0.0611495,-0.209559i0,0
1.135,-0.0621973,-0.188987i0,0
1.14,-0.0631423,-0.168184i0,0
1.145,-0.0639832,-0.147184i0,0
1.15,-0.0647191,-0.12602i0,0
1.155,-0.0653492,-0.104726i0,0
1.16,-0.0658728,-0.0833382i0,0
1.165,-0.0662895,-0.06189i0,0
1.17,-0.066599,-0.0404159i0,0
1.175,-0.0668011,-0.0189504i0,0
1.18,-0.0668958,0.0024723i0,0
1.185,-0.0668835,0.0238181i0,0
1.19,-0.0667644,0.0450533i0,0
1.195,-0.0665391,0.0661442i0,0
1.2,-0.0662084,0.0870578i0,0
1.205,-0.0657731,0.107761i0,0
1.21,-0.0652343,0.128222i0,0
1.215,-0.0645932,0.148409i0,0
1.22,-0.0638511,0.16829i0,0
1.225,-0.0630097,0.187834i0,0
1.23,-0.0620705,0.207013i0,0
1.235,-0.0610354,0.225795i0,0
1.24,-0.0599065,0.244153i0,0
1.245,-0.0586857,0.262059i0,0
1.25,-0.0573754,0.279486i0,0
1.255,-0.055978,0.296407i0,0
1.26,-0.0544959,0.312797i0,0
1.265,-0.052932,0.328633i0,0
1.27,-0.0512888,0.343889i0,0
1.275,-0.0495693,0.358545i0,0
1.28,-0.0477766,0.372579i0,0
1.285,-0.0459137,0.38597i0,0
1.29,-0.0439839,0.398699i0,0
1.295,-0.0419904,0.410748i0,0
1.3,-0.0399366,0.422101i0,0
1.305,-0.0378261,0.432741i0,0
1.31,-0.0356624,0.442655i0,0
1.315,-0.0334492,0.451827i0,0
1.32,-0.03119,0.460248i0,0
1.325,-0.0288888,0.467905i0,0
1.33,-0.0265493,0.474789i0,0
1.335,-0.0241753,0.480891i0,0
1.34,-0.0217709,0.486205i0,0
1.345,-0.0193398,0.490725i0,0
1.35,-0.0168862,0.494446i0,0
1.355,-0.014414,0.497366i0,0
1.36,-0.0119271,0.499481i0,0
1.365,-0.00942974,0.500791i0,0
1.37,-0.00692578,0.501298i0,0
1.375,-0.00441929,0.501003i0,0
1.38,-0.00191428,0.499909i0,0
1.385,0.000585268,0.49802i0,0
1.39,0.00307537,0.495344i0,0
1.395,0.00555209,0.491885i0,0
1.4,0.00801151,0.487653i0,0
1.405,0.0104498,0.482657i0,0
1.41,0.0128631,0.476907i0,0
1.415,0.0152476,0.470416i0,0
1.42,0.0175997,0.463195i0,0
1.425,0.0199157,0.45526i0,0
1.43,0.022192,0.446625i0,0
1.435,0.0244251,0.437307i0,0
1.44,0.0266116,0.427322i0,0
1.445,0.0287482,0.416689i0,0
1.45,0.0308317,0.405427i0,0
1.455,0.0328588,0.393556i0,0
1.46,0.0348266,0.381097i0,0
1.465,0.0367321,0.368072i0,0
1.47,0.0385724,0.354504i0,0
1.475,0.040345,0.340417i0,0
1.48,0.042047,0.325833i0,0
1.485,0.0436762,0.31078i0,0
1.49,0.0452301,0.295281i0,0
1.495,0.0467065,0.279364i0,0
1.5,0.0481033,0.263055i0,0
1.505,0.0494186,0.246381i0,0
1.51,0.0506505,0.229371i0,0
1.515,0.0517974,0.212053i0,0
1.52,0.0528576,0.194455i0,0
1.525,0.0538299,0.176607i0,0
1.53,0.0547129,0.158537i0,0
1.535,0.0555056,0.140276i0,0
1.54,0.056207,0.121853i0,0
1.545,0.0568163,0.103298i0,0
1.55,0.0573328,0.0846416i0,0
1.555,0.057756,0.0659134i0,0
1.56,0.0580855,0.0471438i0,0
1.565,0.0583213,0.0283628i0,0
1.57,0.0584631,0.00960043i0,0
1.575,0.0585111,-0.0091134i0,0
1.58,0.0584655,-0.027749i0,0
1.585,0.0583268,-0.0462768i0,0
1.59,0.0580954,-0.0646677i0,0
1.595,0.057772,-0.0828928i0,0
1.6,0.0573576,-0.100924i0,0
1.605,0.056853,-0.118732i0,0
1.61,0.0562593,-0.13629i0,0
1.615,0.0555778,-0.153571i0,0
1.62,0.05481,-0.170547i0,0
1.625,0.0539573,-0.187194i0,0
1.63,0.0530213,-0.203485i0,0
1.635,0.0520039,-0.219396i0,0
1.64,0.0509069,-0.234903i0,0
1.645,0.0497324,-0.249982i0,0
1.65,0.0484824,-0.26461i0,0
1.655,0.0471594,-0.278766i0,0
1.66,0.0457656,-0.292429i0,0
1.665,0.0443034,-0.305579i0,0
1.67,0.0427755,-0.318196i0,0
1.675,0.0411845,-0.330262i0,0
1.68,0.0395332,-0.34176i0,0
1.685,0.0378244,-0.352673i0,0
1.69,0.0360611,-0.362986i0,0
1.695,0.0342461,-0.372685i0,0
1.7,0.0323827,-0.381755i0,0
1.705,0.0304739,-0.390186i0,0
1.71,0.028523,-0.397964i0,0
1.715,0.0265332,-0.405081i0,0
1.72,0.0245078,-0.411527i0,0
1.725,0.0224501,-0.417294i0,0
1.73,0.0203637,-0.422376i0,0
1.735,0.0182518,-0.426765i0,0
1.74,0.016118,-0.430459i0,0
1.745,0.0139657,-0.433453i0,0
1.75,0.0117984,-0.435744i0,0
1.755,0.00961968,-0.437332i0,0
1.76,0.00743302,-0.438217i0,0
1.765,0.00524193,-0.438399i0,0
1.77,0.00304993,-0.437881i0,0
1.775,0.00086053,-0.436665i0,0
1.78,-0.0013228,-0.434757i0,0
1.785,-0.00349658,-0.432161i0,0
1.79,-0.00565738,-0.428883i0,0
1.795,-0.0078018,-0.424933i0,0
1.8,-0.00992646,-0.420317i0,0
1.805,-0.012028,-0.415046i0,0
1.81,-0.0141033,-0.409131i0,0
1.815,-0.0161489,-0.402582i0,0
1.82,-0.0181618,-0.395413i0,0
1.825,-0.0201389,-0.387638i0,0
1.83,-0.0220771,-0.37927i0,0
1.835,-0.0239734,-0.370325i0,0
1.84,-0.0258251,-0.360819i0,0
1.845,-0.0276292,-0.350769i0,0
1.85,-0.029383,-0.340194i0,0
1.855,-0.031084,-0.329112i0,0
1.86,-0.0327295,-0.317542i0,0
1.865,-0.0343173,-0.305505i0,0
1.87,-0.0358448,-0.293021i0,0
1.875,-0.0373099,-0.280111i0,0
1.88,-0.0387104,-0.266798i0,0
1.885,-0.0400444,-0.253105i0,0
1.89,-0.04131,-0.239054i0,0
1.895,-0.0425052,-0.22467i0,0
1.9,-0.0436286,-0.209976i0,0
1.905,-0.0446785,-0.194996i0,0
1.91,-0.0456534,-0.179756i0,0
1.915,-0.0465522,-0.164282i0,0
1.92,-0.0473736,-0.148597i0,0
1.925,-0.0481166,-0.132729i0,0
1.93,-0.0487803,-0.116703i0,0
1.935,-0.0493638,-0.100545i0,0
1.94,-0.0498665,-0.0842818i0,0
1.945,-0.0502879,-0.0679392i0,0
1.95,-0.0506276,-0.0515438i0,0
1.955,-0.0508853,-0.035122i0,0
1.96,-0.0510609,-0.0186999i0,0
1.965,-0.0511544,-0.00230391i0,0
1.97,-0.0511659,0.01404i0,0
1.975,-0.0510958,0.0303058i0,0
1.98,-0.0509442,0.0464679i0,0
1.985,-0.0507119,0.0625008i0,0
1.99,-0.0503994,0.0783793i0,0
1.995,-0.0500075,0.0940787i0,0
2,-0.0495371,0.109574i0,0
2.005,-0.0489892,0.124843i0,0
2.01,-0.048365,0.139859i0,0
2.015,-0.0476657,0.154602i0,0
2.02,-0.0468927,0.169047i0,0
2.025,-0.0460475,0.183174i0,0
2.03,-0.0451316,0.19696i0,0
2.035,-0.0441468,0.210384i0,0
2.04,-0.0430949,0.223427i0,0
2.045,-0.0419777,0.236069i0,0
2.05,-0.0407974,0.248292i0,0
2.055,-0.0395559,0.260076i0,0
2.06,-0.0382555,0.271405i0,0
2.065,-0.0368985,0.282262i0,0
2.07,-0.0354872,0.292631i0,0
2.075,-0.0340241,0.302498i0,0
2.08,-0.0325116,0.311849i0,0
2.085,-0.0309523,0.32067i0,0
2.09,-0.029349,0.328949i0,0
2.095,-0.0277042,0.336674i0,0
2.1,-0.0260209,0.343836i0,0
2.105,-0.0243017,0.350425i0,0
2.11,-0.0225496,0.356432i0,0
2.115,-0.0207674,0.361849i0,0
2.12,-0.0189582,0.36667i0,0
2.125,-0.0171248,0.37089i0,0
2.13,-0.0152704,0.374503i0,0
2.135,-0.0133978,0.377506i0,0
2.14,-0.0115103,0.379896i0,0
2.145,-0.00961084,0.381671i0,0
2.15,-0.00770248,0.382831i0,0
2.155,-0.00578832,0.383377i0,0
2.16,-0.00387144,0.383308i0,0
2.165,-0.0019549,0.382627i0,0
2.17,-4.17678e-05,0.381338i0,0
2.175,0.00186492,0.379445i0,0
2.18,0.00376215,0.376952i0,0
2.185,0.00564691,0.373866i0,0
2.19,0.00751624,0.370194i0,0
2.195,0.00936721,0.365943i0,0
2.2,0.0111969,0.361123i0,0
2.205,0.0130025,0.355742i0,0
2.21,0.0147813,0.349812i0,0
2.215,0.0165303,0.343344i0,0
2.22,0.018247,0.336349i0,0
2.225,0.0199288,0.328842i0,0
2.23,0.021573,0.320835i0,0
2.235,0.0231772,0.312343i0,0
2.24,0.0247389,0.303381i0,0
2.245,0.0262558,0.293966i0,0
2.25,0.0277256,0.284113i0,0
2.255,0.0291462,0.273841i0,0
2.26,0.0305154,0.263166i0,0
2.265,0.0318312,0.252107i0,0
2.27,0.0330918,0.240684i0,0
2.275,0.0342952,0.228915i0,0
2.28,0.0354397,0.216821i0,0
2.285,0.0365238,0.204422i0,0
2.29,0.037546,0.191738i0,0
2.295,0.0385046,0.178792i0,0
2.3,0.0393986,0.165605i0,0
2.305,0.0402266,0.152198i0,0
2.31,0.0409876,0.138593i0,0
2.315,0.0416806,0.124814i0,0
2.32,0.0423047,0.110882i0,0
2.325,0.0428591,0.0968209i0,0
2.33,0.0433432,0.082653i0,0
2.335,0.0437564,0.0684013i0,0
2.34,0.0440984,0.054089i0,0
2.345,0.0443689,0.039739i0,0
2.35,0.0445676,0.0253744i0,0
2.355,0.0446945,0.0110182i0,0
2.36,0.0447495,-0.00330677i0,0
2.365,0.044733,-0.0175777i0,0
2.37,0.0446451,-0.0317719i0,0
2.375,0.0444863,-0.0458672i0,0
2.38,0.0442569,-0.0598412i0,0
2.385,0.0439577,-0.0736721i0,0
2.39,0.0435894,-0.0873384i0,0
2.395,0.0431527,-0.100819i0,0
2.4,0.0426486,-0.114092i0,0
2.405,0.0420781,-0.127138i0,0
2.41,0.0414424,-0.139937i0,0
2.415,0.0407427,-0.152469i0,0
2.42,0.0399804,-0.164715i0,0
2.425,0.0391568,-0.176656i0,0
2.43,0.0382735,-0.188275i0,0
2.435,0.0373322,-0.199553i0,0
2.44,0.0363344,-0.210474i0,0
2.445,0.035282,-0.221023i0,0
2.45,0.0341769,-0.231182i0,0
2.455,0.033021,-0.240938i0,0
2.46,0.0318163,-0.250276i0,0
2.465,0.0305649,-0.259183i0,0
2.47,0.029269,-0.267646i0,0
2.475,0.0279308,-0.275653i0,0
2.48,0.0265525,-0.283192i0,0
2.485,0.0251366,-0.290253i0,0
2.49,0.0236853,-0.296828i0,0
2.495,0.0222012,-0.302906i0,0
2.5,0.0206866,-0.308479i0,0
2.505,0.0191442,-0.313542i0,0
2.51,0.0175765,-0.318086i0,0
2.515,0.0159861,-0.322108i0,0
2.52,0.0143755,-0.325601i0,0
2.525,0.0127475,-0.328563i0,0
2.53,0.0111047,-0.33099i0,0
2.535,0.00944978,-0.332881i0,0
2.54,0.00778537,-0.334233i0,0
2.545,0.00611421,-0.335048i0,0
2.55,0.00443897,-0.335325i0,0
2.555,0.00276235,-0.335065i0,0
2.56,0.00108702,-0.334272i0,0
2.565,-0.00058434,-0.332948i0,0
2.57,-0.00224908,-0.331096i0,0
2.575,-0.00390456,-0.328723i0,0
2.58,-0.00554817,-0.325832i0,0
2.585,-0.00717733,-0.322432i0,0
2.59,-0.00878949,-0.318528i0,0
2.595,-0.0103821,-0.314129i0,0
2.6,-0.0119528,-0.309244i0,0
2.605,-0.013499,-0.303881i0,0
2.61,-0.0150184,-0.298052i0,0
2.615,-0.0165087,-0.291767i0,0
2.62,-0.0179675,-0.285037i0,0
2.625,-0.0193927,-0.277875i0,0
2.63,-0.0207821,-0.270294i0,0
2.635,-0.0221335,-0.262308i0,0
2.64,-0.0234451,-0.25393i0,0
2.645,-0.0247147,-0.245174i0,0
2.65,-0.0259406,-0.236058i0,0
2.655,-0.0271209,-0.226595i0,0
2.66,-0.0282539,-0.216803i0,0
2.665,-0.0293379,-0.206699i0,0
2.67,-0.0303714,-0.196298i0,0
2.675,-0.0313529,-0.18562i0,0
2.68,-0.032281,-0.174682i0,0
2.685,-0.0331544,-0.163502i0,0
2.69,-0.0339719,-0.152099i0,0
2.695,-0.0347324,-0.140492i0,0
2.7,-0.0354348,-0.1287i0,0
2.705,-0.0360783,-0.116743i0,0
2.71,-0.036662,-0.104641i0,0
2.715,-0.0371853,-0.0924121i0,0
2.72,-0.0376473,-0.0800777i0,0
2.725,-0.0380477,-0.0676574i0,0
2.73,-0.038386,-0.0551715i0,0
2.735,-0.0386618,-0.0426399i0,0
2.74,-0.038875,-0.0300829i0,0
2.745,-0.0390255,-0.0175207i0,0
2.75,-0.0391131,-0.00497319i0,0
2.755,-0.0391379,0.00753952i0,0
2.76,-0.0391002,0.0199976i0,0
2.765,-0.0390002,0.0323814i0,0
2.77,-0.0388383,0.0446713i0,0
2.775,-0.038615,0.056848i0,0
2.78,-0.0383307,0.0688926i0,0
2.785,-0.0379863,0.0807862i0,0
2.79,-0.0375823,0.0925104i0,0
2.795,-0.0371198,0.104047i0,0
2.8,-0.0365996,0.115378i0,0
2.805,-0.0360227,0.126487i0,0
2.81,-0.0353902,0.137355i0,0
2.815,-0.0347035,0.147968i0,0
2.82,-0.0339636,0.158308i0,0
2.825,-0.0331721,0.16836i0,0
2.83,-0.0323303,0.178109i0,0
2.835,-0.0314397,0.187541i0,0
2.84,-0.030502,0.196641i0,0
2.845,-0.0295188,0.205397i0,0
2.85,-0.0284918,0.213794i0,0
2.855,-0.0274229,0.221822i0,0
2.86,-0.0263138,0.229468i0,0
2.865,-0.0251664,0.236722i0,0
2.87,-0.0239828,0.243574i0,0
2.875,-0.0227649,0.250013i0,0
2.88,-0.0215149,0.256031i0,0
2.885,-0.0202347,0.26162i0,0
2.89,-0.0189266,0.266773i0,0
2.895,-0.0175927,0.271482i0,0
2.9,-0.0162353,0.275741i0,0
2.905,-0.0148566,0.279546i0,0
2.91,-0.0134589,0.282892i0,0
2.915,-0.0120444,0.285774i0,0
2.92,-0.0106156,0.288191i0,0
2.925,-0.00917462,0.290139i0,0
2.93,-0.00772393,0.291618i0,0
2.935,-0.00626584,0.292626i0,0
2.94,-0.00480271,0.293163i0,0
2.945,-0.0033369,0.293231i0,0
2.95,-0.00187074,0.29283i0,0
2.955,-0.000406594,0.291963i0,0
2.96,0.00105322,0.290633i0,0
2.965,0.00250639,0.288844i0,0
2.97,0.0039506,0.286599i0,0
2.975,0.0053836,0.283905i0,0
2.98,0.00680312,0.280766i0,0
2.985,0.00820696,0.277191i0,0
2.99,0.00959291,0.273184i0,0
2.995,0.0109588,0.268756i0,0
3,0.0123026,0.263913i0,0
3.005,0.0136222,0.258665i0,0
3.01,0.0149155,0.253023i0,0
3.015,0.0161806,0.246996i0,0
3.02,0.0174156,0.240595i0,0
3.025,0.0186186,0.233831i0,0
3.03,0.0197877,0.226718i0,0
3.035,0.0209213,0.219266i0,0
3.04,0.0220176,0.21149i0,0
3.045,0.0230751,0.203403i0,0
3.05,0.0240921,0.195019i0,0
3.055,0.0250672,0.186352i0,0
3.06,0.025999,0.177417i0,0
3.065,0.026886,0.168229i0,0
3.07,0.0277272,0.158804i0,0
3.075,0.0285212,0.149157i0,0
3.08,0.029267,0.139305i0,0
3.085,0.0299635,0.129264i0,0
3.09,0.0306098,0.119051i0,0
3.095,0.0312051,0.108683i0,0
3.1,0.0317485,0.0981766i0,0
3.105,0.0322394,0.0875492i0,0
3.11,0.0326771,0.0768182i0,0
3.115,0.0330612,0.0660011i0,0
3.12,0.0333912,0.0551155i0,0
3.125,0.0336668,0.0441789i0,0
3.13,0.0338877,0.033209i0,0
3.135,0.0340537,0.0222235i0,0
3.14,0.0341649,0.0112398i0,0
3.145,0.0342211,0.00027564i0,0
3.15,0.0342224,-0.0106517i0,0
3.155,0.0341692,-0.0215248i0,0
3.16,0.0340616,-0.0323266i0,0
3.165,0.0338999,-0.04304i0,0
3.17,0.0336847,-0.0536482i0,0
3.175,0.0334165,-0.0641346i0,0
3.18,0.0330958,-0.074483i0,0
3.185,0.0327234,-0.0846773i0,0
3.19,0.0323,-0.0947017i0,0
3.195,0.0318265,-0.104541i0,0
3.2,0.0313038,-0.114179i0,0
3.205,0.0307329,-0.123603i0,0
3.21,0.0301149,-0.132797i0,0
3.215,0.0294509,-0.141748i0,0
3.22,0.0287422,-0.150443i0,0
3.225,0.0279899,-0.158867i0,0
3.23,0.0271956,-0.167009i0,0
3.235,0.0263606,-0.174857i0,0
3.24,0.0254863,-0.182399i0,0
3.245,0.0245743,-0.189624i0,0
3.25,0.0236262,-0.196522i0,0
3.255,0.0226436,-0.203083i0,0
3.26,0.0216281,-0.209297i0,0
3.265,0.0205817,-0.215156i0,0
3.27,0.0195059,-0.220651i0,0
3.275,0.0184026,-0.225776i0,0
3.28,0.0172737,-0.230522i0,0
3.285,0.0161211,-0.234885i0,0
3.29,0.0149467,-0.238857i0,0
3.295,0.0137524,-0.242435i0,0
3.3,0.0125403,-0.245614i0,0
3.305,0.0113122,-0.248389i0,0
3.31,0.0100702,-0.250759i0,0
3.315,0.00881644,-0.252721i0,0
3.32,0.00755284,-0.254272i0,0
3.325,0.00628148,-0.255412i0,0
3.33,0.00500442,-0.25614i0,0
3.335,0.00372371,-0.256458i0,0
3.34,0.00244143,-0.256364i0,0
3.345,0.00115961,-0.255862i0,0
3.35,-0.000119703,-0.254953i0,0
3.355,-0.00139447,-0.25364i0,0
3.36,-0.00266267,-0.251926i0,0
3.365,-0.0039223,-0.249817i0,0
3.37,-0.00517138,-0.247315i0,0
3.375,-0.00640796,-0.244428i0,0
3.38,-0.00763009,-0.241159i0,0
3.385,-0.00883589,-0.237518i0,0
3.39,-0.0100235,-0.233509i0,0
3.395,-0.011191,-0.229141i0,0
3.4,-0.0123367,-0.224422i0,0
3.405,-0.0134588,-0.219361i0,0
3.41,-0.0145556,-0.213968i0,0
3.415,-0.0156255,-0.20825i0,0
3.42,-0.0166667,-0.20222i0,0
3.425,-0.0176778,-0.195888i0,0
3.43,-0.0186573,-0.189264i0,0
3.435,-0.0196036,-0.182361i0,0
3.44,-0.0205154,-0.175191i0,0
3.445,-0.0213914,-0.167765i0,0
3.45,-0.0222302,-0.160096i0,0
3.455,-0.0230307,-0.152198i0,0
3.46,-0.0237917,-0.144084i0,0
3.465,-0.0245121,-0.135767i0,0
3.47,-0.0251909,-0.127262i0,0
3.475,-0.0258272,-0.118583i0,0
3.48,-0.0264201,-0.109744i0,0
3.485,-0.0269689,-0.10076i0,0
3.49,-0.0274727,-0.091646i0,0
3.495,-0.0279309,-0.0824164i0,0
3.5,-0.028343,-0.0730867i0,0
3.505,-0.0287084,-0.0636721i0,0
3.51,-0.0290268,-0.0541878i0,0
3.515,-0.0292977,-0.0446493i0,0
3.52,-0.029521,-0.0350721i0,0
3.525,-0.0296963,-0.0254714i0,0
3.53,-0.0298237,-0.0158627i0,0
3.535,-0.029903,-0.00626145i0,0
3.54,-0.0299343,0.00331715i0,0
3.545,-0.0299177,0.0128578i0,0
3.55,-0.0298534,0.0223455i0,0
3.555,-0.0297417,0.0317653i0,0
3.56,-0.0295829,0.0411022i0,0
3.565,-0.0293774,0.0503418i0,0
3.57,-0.0291256,0.0594696i0,0
3.575,-0.0288283,0.0684713i0,0
3.58,-0.0284859,0.0773331i0,0
3.585,-0.0280993,0.0860413i0,0
3.59,-0.0276691,0.0945825i0,0
3.595,-0.0271962,0.102944i0,0
3.6,-0.0266814,0.111112i0,0
3.605,-0.0261259,0.119075i0,0
3.61,-0.0255305,0.126821i0,0
3.615,-0.0248964,0.134338i0,0
3.62,-0.0242247,0.141615i0,0
3.625,-0.0235166,0.148642i0,0
3.63,-0.0227734,0.155407i0,0
3.635,-0.0219964,0.161901i0,0
3.64,-0.0211869,0.168114i0,0
3.645,-0.0203463,0.174038i0,0
3.65,-0.0194761,0.179664i0,0
3.655,-0.0185778,0.184984i0,0
3.66,-0.0176529,0.18999i0,0
3.665,-0.0167029,0.194677i0,0
3.67,-0.0157295,0.199036i0,0
3.675,-0.0147344,0.203063i0,0
3.68,-0.0137191,0.206752i0,0
3.685,-0.0126853,0.210098i0,0
3.69,-0.0116348,0.213098i0,0
3.695,-0.0105693,0.215747i0,0
3.7,-0.00949057,0.218043i0,0
3.705,-0.00840036,0.219983i0,0
3.71,-0.00730045,0.221565i0,0
3.715,-0.00619262,0.222788i0,0
3.72,-0.00507868,0.223651i0,0
3.725,-0.00396043,0.224154i0,0
3.73,-0.00283966,0.224298i0,0
3.735,-0.00171817,0.224083i0,0
3.74,-0.00059775,0.223511i0,0
3.745,0.000519807,0.222585i0,0
3.75,0.00163273,0.221306i0,0
3.755,0.00273926,0.219678i0,0
3.76,0.00383765,0.217705i0,0
3.765,0.00492617,0.215391i0,0
3.77,0.00600313,0.212741i0,0
3.775,0.00706684,0.209761i0,0
3.78,0.00811564,0.206456i0,0
3.785,0.00914792,0.202833i0,0
3.79,0.0101621,0.198898i0,0
3.795,0.0111566,0.194659i0,0
3.8,0.0121299,0.190123i0,0
3.805,0.0130805,0.1853i0,0
3.81,0.014007,0.180197i0,0
3.815,0.014908,0.174824i0,0
3.82,0.0157821,0.16919i0,0
3.825,0.016628,0.163306i0,0
3.83,0.0174446,0.15718i0,0
3.835,0.0182305,0.150825i0,0
3.84,0.0189846,0.14425i0,0
3.845,0.0197058,0.137467i0,0
3.85,0.0203932,0.130488i0,0
3.855,0.0210456,0.123325i0,0
3.86,0.0216622,0.115989i0,0
3.865,0.0222422,0.108493i0,0
3.87,0.0227847,0.100849i0,0
3.875,0.0232889,0.0930701i0,0
3.88,0.0237542,0.0851692i0,0
3.885,0.0241801,0.0771592i0,0
3.89,0.0245659,0.0690533i0,0
3.895,0.0249112,0.0608647i0,0
3.9,0.0252155,0.0526069i0,0
3.905,0.0254785,0.0442931i0,0
3.91,0.0257,0.035937i0,0
3.915,0.0258797,0.027552i0,0
3.92,0.0260174,0.0191515i0,0
3.925,0.0261132,0.010749i0,0
3.93,0.0261669,0.00235794i0,0
3.935,0.0261787,-0.00600831i0,0
3.94,0.0261487,-0.0143365i0,0
3.945,0.026077,-0.0226134i0,0
3.95,0.0259639,-0.0308261i0,0
3.955,0.0258098,-0.0389616i0,0
3.96,0.025615,-0.0470072i0,0
3.965,0.0253799,-0.0549504i0,0
3.97,0.0251052,-0.0627789i0,0
3.975,0.0247913,-0.0704805i0,0
3.98,0.0244389,-0.0780433i0,0
3.985,0.0240487,-0.0854558i0,0
3.99,0.0236214,-0.0927067i0,0
3.995,0.0231579,-0.0997849i0,0
4,0.0226589,-0.10668i0,0
4.005,0.0221255,-0.113381i0,0
4.01,0.0215586,-0.119878i0,0
4.015,0.0209593,-0.126162i0,0
4.02,0.0203284,-0.132223i0,0
4.025,0.0196673,-0.138052i0,0
4.03,0.0189771,-0.143641i0,0
4.035,0.0182589,-0.148982i0,0
4.04,0.017514,-0.154066i0,0
4.045,0.0167436,-0.158888i0,0
4.05,0.0159492,-0.163439i0,0
4.055,0.015132,-0.167714i0,0
4.06,0.0142934,-0.171707i0,0
4.065,0.0134349,-0.175412i0,0
4.07,0.0125578,-0.178824i0,0
4.075,0.0116637,-0.18194i0,0
4.08,0.010754,-0.184754i0,0
4.085,0.00983023,-0.187264i0,0
4.09,0.00889392,-0.189466i0,0
4.095,0.00794659,-0.191358i0,0
4.1,0.0069898,-0.192938i0,0
4.105,0.00602511,-0.194205i0,0
4.11,0.00505408,-0.195158i0,0
4.115,0.00407829,-0.195796i0,0
4.12,0.00309931,-0.196119i0,0
4.125,0.00211871,-0.196128i0,0
4.13,0.00113807,-0.195824i0,0
4.135,0.000158954,-0.195208i0,0
4.14,-0.000817086,-0.194283i0,0
4.145,-0.0017885,-0.19305i0,0
4.15,-0.00275375,-0.191514i0,0
4.155,-0.00371132,-0.189677i0,0
4.16,-0.00465971,-0.187544i0,0
4.165,-0.00559743,-0.185119i0,0
4.17,-0.00652302,-0.182406i0,0
4.175,-0.00743505,-0.179411i0,0
4.18,-0.00833211,-0.17614i0,0
4.185,-0.00921281,-0.172599i0,0
4.19,-0.0100758,-0.168795i0,0
4.195,-0.0109198,-0.164734i0,0
4.2,-0.0117435,-0.160424i0,0
4.205,-0.0125456,-0.155872i0,0
4.21,-0.0133249,-0.151088i0,0
4.215,-0.0140804,-0.146078i0,0
4.22,-0.0148108,-0.140852i0,0
4.225,-0.015515,-0.135419i0,0
4.23,-0.0161921,-0.129788i0,0
4.235,-0.0168411,-0.12397i0,0
4.24,-0.0174609,-0.117973i0,0
4.245,-0.0180508,-0.111808i0,0
4.25,-0.0186098,-0.105486i0,0
4.255,-0.0191372,-0.0990168i0,0
4.26,-0.0196323,-0.0924117i0,0
4.265,-0.0200944,-0.0856815i0,0
4.27,-0.0205228,-0.0788375i0,0
4.275,-0.020917,-0.0718909i0,0
4.28,-0.0212764,-0.0648531i0,0
4.285,-0.0216007,-0.0577358i0,0
4.29,-0.0218894,-0.0505506i0,0
4.295,-0.0221421,-0.0433091i0,0
4.3,-0.0223587,-0.0360231i0,0
4.305,-0.0225388,-0.0287044i0,0
4.31,-0.0226823,-0.0213648i0,0
4.315,-0.0227891,-0.0140161i0,0
4.32,-0.0228592,-0.00666998i0,0
4.325,-0.0228926,0.000661761i0,0
4.33,-0.0228893,0.00796749i0,0
4.335,-0.0228494,0.0152356i0,0
4.34,-0.0227732,0.0224547i0,0
4.345,-0.022661,0.0296134i0,0
4.35,-0.0225129,0.0367004i0,0
4.355,-0.0223294,0.0437047i0,0
4.36,-0.0221109,0.0506154i0,0
4.365,-0.0218578,0.0574218i0,0
4.37,-0.0215707,0.0641133i0,0
4.375,-0.0212501,0.0706798i0,0
4.38,-0.0208967,0.077111i0,0
4.385,-0.0205112,0.0833973i0,0
4.39,-0.0200942,0.089529i0,0
4.395,-0.0196465,0.0954969i0,0
4.4,-0.0191691,0.101292i0,0
4.405,-0.0186626,0.106906i0,0
4.41,-0.0181281,0.11233i0,0
4.415,-0.0175664,0.117556i0,0
4.42,-0.0169786,0.122577i0,0
4.425,-0.0163658,0.127385i0,0
4.43,-0.0157288,0.131973i0,0
4.435,-0.015069,0.136335i0,0
4.44,-0.0143873,0.140464i0,0
4.445,-0.013685,0.144356i0,0
4.45,-0.0129632,0.148003i0,0
4.455,-0.0122232,0.151402i0,0
4.46,-0.0114662,0.154547i0,0
4.465,-0.0106934,0.157436i0,0
4.47,-0.00990625,0.160063i0,0
4.475,-0.00910593,0.162425i0,0
4.48,-0.00829381,0.16452i0,0
4.485,-0.00747121,0.166346i0,0
4.49,-0.00663948,0.167899i0,0
4.495,-0.00579998,0.16918i0,0
4.5,-0.00495408,0.170186i0,0
4.505,-0.00410316,0.170916i0,0
4.51,-0.00324857,0.171372i0,0
4.515,-0.00239172,0.171552i0,0
4.52,-0.00153395,0.171458i0,0
4.525,-0.000676665,0.17109i0,0
4.53,0.000178787,0.170451i0,0
4.535,0.00103104,0.169542i0,0
4.54,0.00187875,0.168365i0,0
4.545,0.00272057,0.166923i0,0
4.55,0.00355519,0.16522i0,0
4.555,0.00438129,0.163259i0,0
4.56,0.00519758,0.161044i0,0
4.565,0.0060028,0.158579i0,0
4.57,0.0067957,0.155869i0,0
4.575,0.00757504,0.15292i0,0
4.58,0.00833964,0.149737i0,0
4.585,0.00908833,0.146326i0,0
4.59,0.00981996,0.142693i0,0
4.595,0.0105334,0.138844i0,0
4.6,0.0112276,0.134787i0,0
4.605,0.0119016,0.130528i0,0
4.61,0.0125542,0.126075i0,0
4.615,0.0131846,0.121437i0,0
4.62,0.0137918,0.11662i0,0
4.625,0.0143749,0.111634i0,0
4.63,0.014933,0.106486i0,0
4.635,0.0154655,0.101186i0,0
4.64,0.0159714,0.0957421i0,0
4.645,0.0164501,0.0901641i0,0
4.65,0.0169009,0.0844612i0,0
4.655,0.0173232,0.0786428i0,0
4.66,0.0177165,0.0727187i0,0
4.665,0.0180801,0.0666987i0,0
4.67,0.0184135,0.0605927i0,0
4.675,0.0187165,0.0544107i0,0
4.68,0.0189886,0.0481629i0,0
4.685,0.0192294,0.0418595i0,0
4.69,0.0194387,0.0355108i0,0
4.695,0.0196162,0.0291269i0,0
4.7,0.0197619,0.0227183i0,0
4.705,0.0198755,0.0162952i0,0
4.71,0.0199569,0.00986803i0,0
4.715,0.0200063,0.00344693i0,0
4.72,0.0200235,-0.00295781i0,0
4.725,0.0200087,-0.00933604i0,0
4.73,0.019962,-0.0156776i0,0
4.735,0.0198836,-0.0219726i0,0
4.74,0.0197738,-0.0282111i0,0
4.745,0.0196327,-0.0343834i0,0
4.75,0.0194608,-0.0404797i0,0
4.755,0.0192584,-0.0464907i0,0
4.76,0.019026,-0.0524069i0,0
4.765,0.0187639,-0.0582194i0,0
4.77,0.0184728,-0.0639192i0,0
4.775,0.0181532,-0.0694975i0,0
4.78,0.0178057,-0.0749459i0,0
4.785,0.017431,-0.0802561i0,0
4.79,0.0170297,-0.0854201i0,0
4.795,0.0166026,-0.0904302i0,0
4.8,0.0161505,-0.0952789i0,0
4.805,0.0156741,-0.0999589i0,0
4.81,0.0151743,-0.104463i0,0
4.815,0.014652,-0.108786i0,0
4.82,0.014108,-0.11292i0,0
4.825,0.0135434,-0.11686i0,0
4.83,0.0129591,-0.1206i0,0
4.835,0.0123561,-0.124134i0,0
4.84,0.0117355,-0.127458i0,0
4.845,0.0110982,-0.130568i0,0
4.85,0.0104453,-0.133459i0,0
4.855,0.00977805,-0.136126i0,0
4.86,0.00909742,-0.138567i0,0
4.865,0.00840458,-0.140779i0,0
4.87,0.00770069,-0.142759i0,0
4.875,0.00698689,-0.144504i0,0
4.88,0.00626438,-0.146012i0,0
4.885,0.00553432,-0.147282i0,0
4.89,0.00479791,-0.148312i0,0
4.895,0.00405635,-0.149103i0,0
4.9,0.00331083,-0.149652i0,0
4.905,0.00256257,-0.149961i0,0
4.91,0.00181277,-0.150029i0,0
4.915,0.00106262,-0.149858i0,0
4.92,0.000313332,-0.149448i0,0
4.925,-0.000433908,-0.148801i0,0
4.93,-0.00117791,-0.147918i0,0
4.935,-0.0019175,-0.146803i0,0
4.94,-0.00265152,-0.145456i0,0
4.945,-0.0033788,-0.143882i0,0
4.95,-0.00409821,-0.142084i0,0
4.955,-0.00480863,-0.140065i0,0
4.96,-0.00550896,-0.13783i0,0
4.965,-0.00619811,-0.135382i0,0
4.97,-0.00687502,-0.132726i0,0
4.975,-0.00753865,-0.129867i0,0
4.98,-0.00818798,-0.126811i0,0
4.985,-0.00882204,-0.123563i0,0
4.99,-0.00943985,-0.120128i0,0
4.995,-0.0100405,-0.116514i0,0
