time,leapfrog_T,leapfrog_U,leapfrog_E
0.000000,0.000000e+00,1.080628e+00,1.080628e+00
0.010000,1.082656e-04,1.080628e+00,1.080736e+00
0.020000,4.321800e-04,1.080196e+00,1.080628e+00
0.030000,9.714868e-04,1.079766e+00,1.080737e+00
0.040000,1.724511e-03,1.078905e+00,1.080629e+00
0.050000,2.691280e-03,1.078045e+00,1.080737e+00
0.060000,3.869673e-03,1.076756e+00,1.080626e+00
0.070000,5.259657e-03,1.075471e+00,1.080730e+00
0.080000,6.859017e-03,1.073757e+00,1.080616e+00
0.090000,8.667314e-03,1.072047e+00,1.080715e+00
0.100000,1.068259e-02,1.069912e+00,1.080594e+00
0.110000,1.290365e-02,1.067783e+00,1.080687e+00
0.120000,1.532913e-02,1.065230e+00,1.080559e+00
0.130000,1.795677e-02,1.062686e+00,1.080642e+00
0.140000,2.078615e-02,1.059720e+00,1.080507e+00
0.150000,2.381356e-02,1.056765e+00,1.080579e+00
0.160000,2.703989e-02,1.053393e+00,1.080433e+00
0.170000,3.045966e-02,1.050033e+00,1.080493e+00
0.180000,3.407538e-02,1.046260e+00,1.080335e+00
0.190000,3.787950e-02,1.042501e+00,1.080380e+00
0.200000,4.187649e-02,1.038333e+00,1.080210e+00
0.210000,4.605636e-02,1.034182e+00,1.080239e+00
0.220000,5.042591e-02,1.029628e+00,1.080054e+00
0.230000,5.497238e-02,1.025092e+00,1.080065e+00
0.240000,5.970523e-02,1.020159e+00,1.079864e+00
0.250000,6.460859e-02,1.015247e+00,1.079855e+00
0.260000,6.969493e-02,1.009942e+00,1.079637e+00
0.270000,7.494496e-02,1.004662e+00,1.079607e+00
0.280000,8.037446e-02,9.989961e-01,1.079371e+00
0.290000,8.596042e-02,9.933573e-01,1.079318e+00
0.300000,9.172224e-02,9.873389e-01,1.079061e+00
0.310000,9.763290e-02,9.813509e-01,1.078984e+00
0.320000,1.037157e-01,9.749903e-01,1.078706e+00
0.330000,1.099394e-01,9.686632e-01,1.078603e+00
0.340000,1.163315e-01,9.619711e-01,1.078303e+00
0.350000,1.228560e-01,9.553156e-01,1.078172e+00
0.360000,1.295450e-01,9.483030e-01,1.077848e+00
0.370000,1.363578e-01,9.413303e-01,1.077688e+00
0.380000,1.433312e-01,9.340087e-01,1.077340e+00
0.390000,1.504192e-01,9.267303e-01,1.077150e+00
0.400000,1.576640e-01,9.191118e-01,1.076776e+00
0.410000,1.650139e-01,9.115398e-01,1.076554e+00
0.420000,1.725165e-01,9.036366e-01,1.076153e+00
0.430000,1.801146e-01,8.957836e-01,1.075898e+00
0.440000,1.878613e-01,8.876086e-01,1.075470e+00
0.450000,1.956935e-01,8.794873e-01,1.075181e+00
0.460000,2.036702e-01,8.710538e-01,1.074724e+00
0.470000,2.117221e-01,8.626775e-01,1.074400e+00
0.480000,2.199144e-01,8.539989e-01,1.073913e+00
0.490000,2.281712e-01,8.453812e-01,1.073552e+00
0.500000,2.365644e-01,8.364715e-01,1.073036e+00
0.510000,2.450113e-01,8.276264e-01,1.072638e+00
0.520000,2.535903e-01,8.184997e-01,1.072090e+00
0.530000,2.622121e-01,8.094414e-01,1.071654e+00
0.540000,2.709619e-01,8.001123e-01,1.071074e+00
0.550000,2.797431e-01,7.908554e-01,1.070599e+00
0.560000,2.886482e-01,7.813385e-01,1.069987e+00
0.570000,2.975733e-01,7.718978e-01,1.069471e+00
0.580000,3.066181e-01,7.622083e-01,1.068826e+00
0.590000,3.156713e-01,7.525987e-01,1.068270e+00
0.600000,3.248401e-01,7.427517e-01,1.067592e+00
0.610000,3.340055e-01,7.329886e-01,1.066994e+00
0.620000,3.432824e-01,7.229996e-01,1.066282e+00
0.630000,3.525440e-01,7.130983e-01,1.065642e+00
0.640000,3.619129e-01,7.029829e-01,1.064896e+00
0.650000,3.712546e-01,6.929591e-01,1.064214e+00
0.660000,3.806996e-01,6.827330e-01,1.063433e+00
0.670000,3.901053e-01,6.726024e-01,1.062708e+00
0.680000,3.996102e-01,6.622814e-01,1.061892e+00
0.690000,4.090636e-01,6.520598e-01,1.061123e+00
0.700000,4.186123e-01,6.416600e-01,1.060272e+00
0.710000,4.280972e-01,6.313633e-01,1.059461e+00
0.720000,4.376735e-01,6.209006e-01,1.058574e+00
0.730000,4.471738e-01,6.105449e-01,1.057719e+00
0.740000,4.567616e-01,6.000353e-01,1.056797e+00
0.750000,4.662611e-01,5.896366e-01,1.055898e+00
0.760000,4.758443e-01,5.790963e-01,1.054941e+00
0.770000,4.853269e-01,5.686705e-01,1.053997e+00
0.780000,4.948896e-01,5.581155e-01,1.053005e+00
0.790000,5.043394e-01,5.476787e-01,1.052018e+00
0.800000,5.138655e-01,5.371250e-01,1.050990e+00
0.810000,5.232666e-01,5.266932e-01,1.049960e+00
0.820000,5.327405e-01,5.161567e-01,1.048897e+00
0.830000,5.420771e-01,5.057459e-01,1.047823e+00
0.840000,5.514831e-01,4.952425e-01,1.046726e+00
0.850000,5.607398e-01,4.848683e-01,1.045608e+00
0.860000,5.700624e-01,4.744138e-01,1.044476e+00
0.870000,5.792237e-01,4.640920e-01,1.043316e+00
0.880000,5.884478e-01,4.537020e-01,1.042150e+00
0.890000,5.974986e-01,4.434481e-01,1.040947e+00
0.900000,6.066091e-01,4.331380e-01,1.039747e+00
0.910000,6.155345e-01,4.229675e-01,1.038502e+00
0.920000,6.245165e-01,4.127526e-01,1.037269e+00
0.930000,6.333019e-01,4.026806e-01,1.035983e+00
0.940000,6.421410e-01,3.925760e-01,1.034717e+00
0.950000,6.507720e-01,3.826175e-01,1.033390e+00
0.960000,6.594539e-01,3.726380e-01,1.032092e+00
0.970000,6.679165e-01,3.628077e-01,1.030724e+00
0.980000,6.764272e-01,3.529679e-01,1.029395e+00
0.990000,6.847077e-01,3.432803e-01,1.027988e+00
1.000000,6.930337e-01,3.335945e-01,1.026628e+00
1.010000,7.011187e-01,3.240637e-01,1.025182e+00
1.020000,7.092468e-01,3.145459e-01,1.023793e+00
1.030000,7.171233e-01,3.051859e-01,1.022309e+00
1.040000,7.250405e-01,2.958497e-01,1.020890e+00
1.050000,7.326958e-01,2.866741e-01,1.019370e+00
1.060000,7.403897e-01,2.775329e-01,1.017923e+00
1.070000,7.478118e-01,2.685549e-01,1.016367e+00
1.080000,7.552703e-01,2.596216e-01,1.014892e+00
1.090000,7.624472e-01,2.508540e-01,1.013301e+00
1.100000,7.696587e-01,2.421413e-01,1.011800e+00
1.110000,7.765791e-01,2.335966e-01,1.010176e+00
1.120000,7.835324e-01,2.251165e-01,1.008649e+00
1.130000,7.901855e-01,2.168068e-01,1.006992e+00
1.140000,7.968697e-01,2.085712e-01,1.005441e+00
1.150000,8.032451e-01,2.005081e-01,1.003753e+00
1.160000,8.096501e-01,1.925284e-01,1.002178e+00
1.170000,8.157378e-01,1.847231e-01,1.000461e+00
1.180000,8.218538e-01,1.770100e-01,9.988638e-01
1.190000,8.276443e-01,1.694733e-01,9.971176e-01
1.200000,8.334620e-01,1.620373e-01,9.954993e-01
1.210000,8.389465e-01,1.547795e-01,9.937260e-01
1.220000,8.444572e-01,1.476305e-01,9.920877e-01
1.230000,8.496273e-01,1.406613e-01,9.902886e-01
1.240000,8.548226e-01,1.338088e-01,9.886314e-01
1.250000,8.596705e-01,1.271375e-01,9.868080e-01
1.260000,8.645428e-01,1.205904e-01,9.851332e-01
1.270000,8.690611e-01,1.142259e-01,9.832870e-01
1.280000,8.736033e-01,1.079925e-01,9.815958e-01
1.290000,8.777854e-01,1.019430e-01,9.797283e-01
1.300000,8.819908e-01,9.603123e-02,9.780221e-01
1.310000,8.858304e-01,9.030439e-02,9.761348e-01
1.320000,8.896931e-01,8.472161e-02,9.744147e-01
1.330000,8.931846e-01,7.932466e-02,9.725093e-01
1.340000,8.966991e-01,7.407759e-02,9.707767e-01
1.350000,8.998375e-01,6.901714e-02,9.688547e-01
1.360000,9.029990e-01,6.411198e-02,9.671109e-01
1.370000,9.057799e-01,5.939410e-02,9.651740e-01
1.380000,9.085839e-01,5.483647e-02,9.634204e-01
1.390000,9.110035e-01,5.046665e-02,9.614701e-01
1.400000,9.134465e-01,4.626159e-02,9.597081e-01
1.410000,9.155014e-01,4.224474e-02,9.577462e-01
1.420000,9.175803e-01,3.839672e-02,9.559770e-01
1.430000,9.192680e-01,3.473716e-02,9.540051e-01
1.440000,9.209801e-01,3.125005e-02,9.522302e-01
1.450000,9.222985e-01,2.795153e-02,9.502500e-01
1.460000,9.236421e-01,2.482861e-02,9.484707e-01
1.470000,9.245897e-01,2.189426e-02,9.464839e-01
1.480000,9.255633e-01,1.913822e-02,9.447016e-01
1.490000,9.261393e-01,1.657059e-02,9.427099e-01
1.500000,9.267424e-01,1.418351e-02,9.409259e-01
1.510000,9.269465e-01,1.198456e-02,9.389311e-01
1.520000,9.271788e-01,9.967934e-03,9.371467e-01
1.530000,9.270114e-01,8.139017e-03,9.351504e-01
1.540000,9.268734e-01,6.493727e-03,9.333672e-01
1.550000,9.263355e-01,5.035602e-03,9.313711e-01
1.560000,9.258283e-01,3.761939e-03,9.295902e-01
1.570000,9.249212e-01,2.674769e-03,9.275960e-01
1.580000,9.240465e-01,1.772429e-03,9.258189e-01
1.590000,9.227725e-01,1.055781e-03,9.238283e-01
1.600000,9.215324e-01,5.238636e-04,9.220562e-01
1.610000,9.198941e-01,1.767178e-04,9.200709e-01
1.620000,9.182915e-01,1.373336e-05,9.183052e-01
1.630000,9.162923e-01,3.448015e-05,9.163268e-01
1.640000,9.143305e-01,2.383557e-04,9.145688e-01
1.650000,9.119741e-01,6.248047e-04,9.125989e-01
1.660000,9.096571e-01,1.192888e-03,9.108499e-01
1.670000,9.069479e-01,1.942273e-03,9.088902e-01
1.680000,9.042801e-01,2.871339e-03,9.071515e-01
1.690000,9.012231e-01,3.980324e-03,9.052034e-01
1.700000,8.982096e-01,5.266583e-03,9.034762e-01
1.710000,8.948102e-01,6.731272e-03,9.015415e-01
1.720000,8.914566e-01,8.370380e-03,8.998270e-01
1.730000,8.877208e-01,1.018632e-02,8.979071e-01
1.740000,8.840331e-01,1.217339e-02,8.962065e-01
1.750000,8.799674e-01,1.433559e-02,8.943030e-01
1.760000,8.759523e-01,1.666518e-02,8.926175e-01
1.770000,8.715637e-01,1.916812e-02,8.907319e-01
1.780000,8.672282e-01,2.183428e-02,8.890625e-01
1.790000,8.625243e-01,2.467191e-02,8.871962e-01
1.800000,8.578760e-01,2.766817e-02,8.855441e-01
1.810000,8.528647e-01,3.083393e-02,8.836986e-01
1.820000,8.479116e-01,3.415332e-02,8.820649e-01
1.830000,8.426013e-01,3.764016e-02,8.802415e-01
1.840000,8.373520e-01,4.127522e-02,8.786272e-01
1.850000,8.317517e-01,4.507559e-02,8.768272e-01
1.860000,8.262150e-01,4.901839e-02,8.752333e-01
1.870000,8.203339e-01,5.312430e-02,8.734582e-01
1.880000,8.145192e-01,5.736645e-02,8.718857e-01
1.890000,8.083671e-01,6.176942e-02,8.701365e-01
1.900000,8.022843e-01,6.630208e-02,8.685863e-01
1.910000,7.958712e-01,7.099322e-02,8.668644e-01
1.920000,7.895303e-01,7.580712e-02,8.653374e-01
1.930000,7.828669e-01,8.077710e-02,8.636440e-01
1.940000,7.762785e-01,8.586258e-02,8.621410e-01
1.950000,7.693754e-01,9.110167e-02,8.604771e-01
1.960000,7.625504e-01,9.644865e-02,8.589990e-01
1.970000,7.554190e-01,1.019467e-01,8.573657e-01
1.980000,7.483685e-01,1.075448e-01,8.559133e-01
1.990000,7.410202e-01,1.132913e-01,8.543116e-01
2.000000,7.337559e-01,1.191296e-01,8.528856e-01
2.010000,7.262026e-01,1.251139e-01,8.513165e-01
2.020000,7.187363e-01,1.311813e-01,8.499176e-01
2.030000,7.109899e-01,1.373920e-01,8.483819e-01
2.040000,7.033337e-01,1.436771e-01,8.470108e-01
2.050000,6.954067e-01,1.501028e-01,8.455095e-01
2.060000,6.875729e-01,1.565938e-01,8.441667e-01
2.070000,6.794779e-01,1.632227e-01,8.427006e-01
2.080000,6.714791e-01,1.699075e-01,8.413867e-01
2.090000,6.632290e-01,1.767276e-01,8.399566e-01
2.100000,6.550780e-01,1.835940e-01,8.386720e-01
2.110000,6.466857e-01,1.905929e-01,8.372786e-01
2.120000,6.383955e-01,1.976284e-01,8.360239e-01
2.130000,6.298742e-01,2.047935e-01,8.346677e-01
2.140000,6.214581e-01,2.119853e-01,8.334433e-01
2.150000,6.128211e-01,2.193040e-01,8.321250e-01
2.160000,6.042923e-01,2.266391e-01,8.309313e-01
2.170000,5.955531e-01,2.340984e-01,8.296514e-01
2.180000,5.869251e-01,2.415637e-01,8.284887e-01
2.190000,5.780973e-01,2.491504e-01,8.272477e-01
2.200000,5.693836e-01,2.567327e-01,8.261163e-01
2.210000,5.604808e-01,2.644337e-01,8.249145e-01
2.220000,5.516951e-01,2.721195e-01,8.238146e-01
2.230000,5.427312e-01,2.799213e-01,8.226525e-01
2.240000,5.338871e-01,2.876972e-01,8.215842e-01
2.250000,5.248758e-01,2.955863e-01,8.204620e-01
2.260000,5.159871e-01,3.034386e-01,8.194257e-01
2.270000,5.069421e-01,3.114015e-01,8.183436e-01
2.280000,4.980226e-01,3.193166e-01,8.173392e-01
2.290000,4.889578e-01,3.273396e-01,8.162974e-01
2.300000,4.800211e-01,3.353039e-01,8.153250e-01
2.310000,4.709504e-01,3.433733e-01,8.143237e-01
2.320000,4.620103e-01,3.513729e-01,8.133832e-01
2.330000,4.529472e-01,3.594752e-01,8.124224e-01
2.340000,4.440174e-01,3.674965e-01,8.115139e-01
2.350000,4.349757e-01,3.756178e-01,8.105935e-01
2.360000,4.260697e-01,3.836471e-01,8.097168e-01
2.370000,4.170630e-01,3.917739e-01,8.088369e-01
2.380000,4.081944e-01,3.997976e-01,8.079920e-01
2.390000,3.992360e-01,4.079162e-01,8.071523e-01
2.400000,3.904182e-01,4.159207e-01,8.063389e-01
2.410000,3.815216e-01,4.240177e-01,8.055393e-01
2.420000,3.727678e-01,4.319894e-01,8.047572e-01
2.430000,3.639462e-01,4.400513e-01,8.039975e-01
2.440000,3.552695e-01,4.479769e-01,8.032465e-01
2.450000,3.465358e-01,4.559904e-01,8.025263e-01
2.460000,3.379492e-01,4.638567e-01,8.018060e-01
2.470000,3.293163e-01,4.718087e-01,8.011250e-01
2.480000,3.208325e-01,4.796026e-01,8.004350e-01
2.490000,3.123129e-01,4.874799e-01,7.997928e-01
2.500000,3.039444e-01,4.951884e-01,7.991329e-01
2.510000,2.955507e-01,5.029783e-01,7.985290e-01
2.520000,2.873098e-01,5.105888e-01,7.978986e-01
2.530000,2.790539e-01,5.182786e-01,7.973324e-01
2.540000,2.709526e-01,5.257785e-01,7.967311e-01
2.550000,2.628465e-01,5.333557e-01,7.962022e-01
2.560000,2.548966e-01,5.407328e-01,7.956294e-01
2.570000,2.469518e-01,5.481852e-01,7.951370e-01
2.580000,2.391648e-01,5.554274e-01,7.945922e-01
2.590000,2.313926e-01,5.627432e-01,7.941357e-01
2.600000,2.237796e-01,5.698387e-01,7.936183e-01
2.610000,2.161910e-01,5.770060e-01,7.931970e-01
2.620000,2.087629e-01,5.839435e-01,7.927064e-01
2.630000,2.013684e-01,5.909510e-01,7.923194e-01
2.640000,1.941358e-01,5.977191e-01,7.918549e-01
2.650000,1.869457e-01,6.045558e-01,7.915015e-01
2.660000,1.799186e-01,6.111437e-01,7.910623e-01
2.670000,1.729428e-01,6.177987e-01,7.907416e-01
2.680000,1.661311e-01,6.241960e-01,7.903271e-01
2.690000,1.593792e-01,6.306589e-01,7.900381e-01
2.700000,1.527922e-01,6.368553e-01,7.896475e-01
2.710000,1.462732e-01,6.431160e-01,7.893892e-01
2.720000,1.399200e-01,6.491017e-01,7.890217e-01
2.730000,1.336427e-01,6.551505e-01,7.887932e-01
2.740000,1.275319e-01,6.609161e-01,7.884480e-01
2.750000,1.215046e-01,6.667437e-01,7.882482e-01
2.760000,1.156443e-01,6.722801e-01,7.879244e-01
2.770000,1.098748e-01,6.778775e-01,7.877523e-01
2.780000,1.042728e-01,6.831761e-01,7.874489e-01
2.790000,9.876856e-02,6.885347e-01,7.873033e-01
2.800000,9.343215e-02,6.935873e-01,7.870195e-01
2.810000,8.820014e-02,6.986991e-01,7.868992e-01
2.820000,8.313619e-02,7.034979e-01,7.866341e-01
2.830000,7.818290e-02,7.083551e-01,7.865380e-01
2.840000,7.339781e-02,7.128928e-01,7.862906e-01
2.850000,6.872927e-02,7.174881e-01,7.862174e-01
2.860000,6.422897e-02,7.217577e-01,7.859867e-01
2.870000,5.985073e-02,7.260844e-01,7.859352e-01
2.880000,5.564067e-02,7.300795e-01,7.857202e-01
2.890000,5.155780e-02,7.341312e-01,7.856890e-01
2.900000,4.764293e-02,7.378458e-01,7.854887e-01
2.910000,4.386002e-02,7.416166e-01,7.854767e-01
2.920000,4.024482e-02,7.450451e-01,7.852900e-01
2.930000,3.676595e-02,7.485297e-01,7.852957e-01
2.940000,3.345441e-02,7.516672e-01,7.851216e-01
2.950000,3.028315e-02,7.548605e-01,7.851436e-01
2.960000,2.727873e-02,7.577023e-01,7.849811e-01
2.970000,2.441817e-02,7.606000e-01,7.850181e-01
2.980000,2.172387e-02,7.631421e-01,7.848660e-01
2.990000,1.917657e-02,7.657401e-01,7.849167e-01
3.000000,1.679484e-02,7.679791e-01,7.847739e-01
3.010000,1.456287e-02,7.702739e-01,7.848368e-01
3.020000,1.249569e-02,7.722066e-01,7.847022e-01
3.030000,1.058059e-02,7.741953e-01,7.847759e-01
3.040000,8.829406e-03,7.758191e-01,7.846485e-01
3.050000,7.232220e-03,7.774993e-01,7.847315e-01
3.060000,5.797979e-03,7.788122e-01,7.846101e-01
3.070000,4.519231e-03,7.801818e-01,7.847010e-01
3.080000,3.402374e-03,7.811822e-01,7.845846e-01
3.090000,2.442082e-03,7.822398e-01,7.846819e-01
3.100000,1.642539e-03,7.829267e-01,7.845693e-01
3.110000,1.000213e-03,7.836714e-01,7.846716e-01
3.120000,5.174121e-04,7.840442e-01,7.845616e-01
3.130000,1.920574e-04,7.844754e-01,7.846674e-01
3.140000,2.492268e-05,7.845341e-01,7.845590e-01
3.150000,1.504310e-05,7.846519e-01,7.846669e-01
3.160000,1.620021e-04,7.843970e-01,7.845590e-01
3.170000,4.656052e-04,7.842019e-01,7.846675e-01
3.180000,9.245916e-04,7.836343e-01,7.845589e-01
3.190000,1.539193e-03,7.831274e-01,7.846666e-01
3.200000,2.307653e-03,7.822486e-01,7.845562e-01
3.210000,3.230284e-03,7.814313e-01,7.846616e-01
3.220000,4.305180e-03,7.802432e-01,7.845484e-01
3.230000,5.532392e-03,7.791177e-01,7.846501e-01
3.240000,6.910212e-03,7.776227e-01,7.845329e-01
3.250000,8.438086e-03,7.761914e-01,7.846295e-01
3.260000,1.011485e-02,7.743924e-01,7.845073e-01
3.270000,1.193900e-02,7.726583e-01,7.845973e-01
3.280000,1.391028e-02,7.705588e-01,7.844691e-01
3.290000,1.602587e-02,7.685253e-01,7.845511e-01
3.300000,1.828676e-02,7.661290e-01,7.844158e-01
3.310000,2.068852e-02,7.638000e-01,7.844885e-01
3.320000,2.323369e-02,7.611114e-01,7.843451e-01
3.330000,2.591589e-02,7.584913e-01,7.844072e-01
3.340000,2.873959e-02,7.555150e-01,7.842546e-01
3.350000,3.169610e-02,7.526086e-01,7.843047e-01
3.360000,3.479214e-02,7.493498e-01,7.841419e-01
3.370000,3.801640e-02,7.461624e-01,7.841788e-01
3.380000,4.137821e-02,7.426267e-01,7.840049e-01
3.390000,4.486326e-02,7.391639e-01,7.840272e-01
3.400000,4.848384e-02,7.353575e-01,7.838414e-01
3.410000,5.222236e-02,7.316254e-01,7.838478e-01
3.420000,5.609434e-02,7.275546e-01,7.836490e-01
3.430000,6.007862e-02,7.235598e-01,7.836384e-01
3.440000,6.419427e-02,7.192315e-01,7.834258e-01
3.450000,6.841621e-02,7.149807e-01,7.833969e-01
3.460000,7.276744e-02,7.104022e-01,7.831696e-01
3.470000,7.721865e-02,7.059028e-01,7.831214e-01
3.480000,8.179701e-02,7.010816e-01,7.828786e-01
3.490000,8.646873e-02,6.963412e-01,7.828099e-01
3.500000,9.126547e-02,6.912853e-01,7.825508e-01
3.510000,9.614864e-02,6.863119e-01,7.824605e-01
3.520000,1.011547e-01,6.810296e-01,7.821843e-01
3.530000,1.062399e-01,6.758315e-01,7.820714e-01
3.540000,1.114459e-01,6.703315e-01,7.817774e-01
3.550000,1.167236e-01,6.649174e-01,7.816409e-01
3.560000,1.221199e-01,6.592085e-01,7.813284e-01
3.570000,1.275801e-01,6.535874e-01,7.811674e-01
3.580000,1.331567e-01,6.476790e-01,7.808357e-01
3.590000,1.387893e-01,6.418600e-01,7.806493e-01
3.600000,1.445361e-01,6.357616e-01,7.802977e-01
3.610000,1.503306e-01,6.297544e-01,7.800850e-01
3.620000,1.562373e-01,6.234757e-01,7.797130e-01
3.630000,1.621832e-01,6.172901e-01,7.794732e-01
3.640000,1.682391e-01,6.108412e-01,7.790803e-01
3.650000,1.743255e-01,6.044872e-01,7.788127e-01
3.660000,1.805199e-01,5.978784e-01,7.783983e-01
3.670000,1.867358e-01,5.913662e-01,7.781020e-01
3.680000,1.930576e-01,5.846081e-01,7.776657e-01
3.690000,1.993920e-01,5.779483e-01,7.773402e-01
3.700000,2.058302e-01,5.710514e-01,7.768815e-01
3.710000,2.122716e-01,5.642547e-01,7.765262e-01
3.720000,2.188149e-01,5.572299e-01,7.760448e-01
3.730000,2.253520e-01,5.503071e-01,7.756591e-01
3.740000,2.319890e-01,5.431656e-01,7.751545e-01
3.750000,2.386102e-01,5.361277e-01,7.747380e-01
3.760000,2.453294e-01,5.288805e-01,7.742100e-01
3.770000,2.520232e-01,5.217388e-01,7.737621e-01
3.780000,2.588131e-01,5.143973e-01,7.732104e-01
3.790000,2.655678e-01,5.071630e-01,7.727308e-01
3.800000,2.724166e-01,4.997386e-01,7.721552e-01
3.810000,2.792204e-01,4.924231e-01,7.716435e-01
3.820000,2.861167e-01,4.849272e-01,7.710439e-01
3.830000,2.929579e-01,4.775420e-01,7.704999e-01
3.840000,2.998897e-01,4.699863e-01,7.698760e-01
3.850000,3.067565e-01,4.625429e-01,7.692995e-01
3.860000,3.137123e-01,4.549390e-01,7.686513e-01
3.870000,3.205930e-01,4.474491e-01,7.680421e-01
3.880000,3.275610e-01,4.398086e-01,7.673695e-01
3.890000,3.344438e-01,4.322837e-01,7.667275e-01
3.900000,3.414123e-01,4.246183e-01,7.660306e-01
3.910000,3.482856e-01,4.170701e-01,7.653557e-01
3.920000,3.552430e-01,4.093915e-01,7.646345e-01
3.930000,3.620951e-01,4.018316e-01,7.639267e-01
3.940000,3.690299e-01,3.941514e-01,7.631813e-01
3.950000,3.758493e-01,3.865914e-01,7.624407e-01
3.960000,3.827500e-01,3.789212e-01,7.616712e-01
3.970000,3.895252e-01,3.713727e-01,7.608979e-01
3.980000,3.963804e-01,3.637241e-01,7.601045e-01
3.990000,4.031002e-01,3.561986e-01,7.592987e-01
4.000000,4.098986e-01,3.485830e-01,7.584816e-01
4.010000,4.165517e-01,3.410918e-01,7.576436e-01
4.020000,4.232823e-01,3.335206e-01,7.568029e-01
4.030000,4.298577e-01,3.260752e-01,7.559329e-01
4.040000,4.365095e-01,3.185596e-01,7.550691e-01
4.050000,4.429964e-01,3.111711e-01,7.541674e-01
4.060000,4.495585e-01,3.037222e-01,7.532808e-01
4.070000,4.559462e-01,2.964017e-01,7.523479e-01
4.080000,4.624081e-01,2.890306e-01,7.514387e-01
4.090000,4.686861e-01,2.817889e-01,7.504750e-01
4.100000,4.750374e-01,2.745063e-01,7.495438e-01
4.110000,4.811955e-01,2.673543e-01,7.485498e-01
4.120000,4.874260e-01,2.601709e-01,7.475969e-01
4.130000,4.934541e-01,2.531191e-01,7.465732e-01
4.140000,4.995539e-01,2.460453e-01,7.455992e-01
4.150000,5.054422e-01,2.391040e-01,7.445463e-01
4.160000,5.114017e-01,2.321500e-01,7.435516e-01
4.170000,5.171408e-01,2.253295e-01,7.424702e-01
4.180000,5.229503e-01,2.185052e-01,7.414555e-01
4.190000,5.285310e-01,2.118153e-01,7.403463e-01
4.200000,5.341816e-01,2.051305e-01,7.393121e-01
4.210000,5.395948e-01,1.985809e-01,7.381757e-01
4.220000,5.450776e-01,1.920451e-01,7.371227e-01
4.230000,5.503148e-01,1.856453e-01,7.359600e-01
4.240000,5.556211e-01,1.792676e-01,7.348887e-01
4.250000,5.606740e-01,1.730266e-01,7.337006e-01
4.260000,5.657957e-01,1.668160e-01,7.326117e-01
4.270000,5.706563e-01,1.607427e-01,7.313990e-01
4.280000,5.755855e-01,1.547077e-01,7.302933e-01
4.290000,5.802461e-01,1.488107e-01,7.290568e-01
4.300000,5.849752e-01,1.429597e-01,7.279350e-01
4.310000,5.894285e-01,1.372472e-01,7.266757e-01
4.320000,5.939504e-01,1.315881e-01,7.255385e-01
4.330000,5.981895e-01,1.260680e-01,7.242575e-01
4.340000,6.024972e-01,1.206085e-01,7.231057e-01
4.350000,6.065156e-01,1.152883e-01,7.218038e-01
4.360000,6.106027e-01,1.100356e-01,7.206383e-01
4.370000,6.143941e-01,1.049225e-01,7.193167e-01
4.380000,6.182545e-01,9.988367e-02,7.181381e-01
4.390000,6.218132e-01,9.498462e-02,7.167979e-01
4.400000,6.254411e-01,9.016606e-02,7.156072e-01
4.410000,6.287618e-01,8.548752e-02,7.142493e-01
4.420000,6.321520e-01,8.089546e-02,7.130474e-01
4.430000,6.352295e-01,7.644354e-02,7.116731e-01
4.440000,6.383770e-01,7.208375e-02,7.104608e-01
4.450000,6.412069e-01,6.786418e-02,7.090711e-01
4.460000,6.441073e-01,6.374207e-02,7.078493e-01
4.470000,6.466853e-01,5.976017e-02,7.064455e-01
4.480000,6.493344e-01,5.588074e-02,7.052151e-01
4.490000,6.516569e-01,5.214145e-02,7.037984e-01
4.500000,6.540510e-01,4.850927e-02,7.025603e-01
4.510000,6.561147e-01,4.501712e-02,7.011318e-01
4.520000,6.582506e-01,4.163637e-02,6.998869e-01
4.530000,6.600524e-01,3.839546e-02,6.984479e-01
4.540000,6.619273e-01,3.526990e-02,6.971972e-01
4.550000,6.634650e-01,3.228394e-02,6.957489e-01
4.560000,6.650765e-01,2.941688e-02,6.944933e-01
4.570000,6.663478e-01,2.668914e-02,6.930370e-01
4.580000,6.676939e-01,2.408351e-02,6.917774e-01
4.590000,6.686975e-01,2.161683e-02,6.903143e-01
4.600000,6.697767e-01,1.927509e-02,6.890518e-01
4.610000,6.705112e-01,1.707190e-02,6.875831e-01
4.620000,6.713224e-01,1.499609e-02,6.863185e-01
4.630000,6.717872e-01,1.305838e-02,6.848456e-01
4.640000,6.723297e-01,1.125011e-02,6.835798e-01
4.650000,6.725246e-01,9.579437e-03,6.821040e-01
4.660000,6.727981e-01,8.039893e-03,6.808380e-01
4.670000,6.727231e-01,6.637375e-03,6.793605e-01
4.680000,6.727280e-01,5.367290e-03,6.780953e-01
4.690000,6.723837e-01,4.233625e-03,6.766174e-01
4.700000,6.721205e-01,3.233307e-03,6.753538e-01
4.710000,6.715080e-01,2.368755e-03,6.738767e-01
4.720000,6.709778e-01,1.638076e-03,6.726158e-01
4.730000,6.700984e-01,1.042469e-03,6.711409e-01
4.740000,6.693026e-01,5.808723e-04,6.698835e-01
4.750000,6.681583e-01,2.536097e-04,6.684119e-01
4.760000,6.670988e-01,6.011078e-05,6.671589e-01
4.770000,6.656918e-01,1.681749e-07,6.656920e-01
4.780000,6.643710e-01,7.335704e-05,6.644444e-01
4.790000,6.627040e-01,2.792869e-04,6.629833e-01
4.800000,6.611246e-01,6.173330e-04,6.617419e-01
4.810000,6.592007e-01,1.087269e-03,6.602879e-01
4.820000,6.573657e-01,1.687926e-03,6.590536e-01
4.830000,6.551884e-01,2.419588e-03,6.576080e-01
4.840000,6.531014e-01,3.280198e-03,6.563816e-01
4.850000,6.506746e-01,4.270898e-03,6.549455e-01
4.860000,6.483395e-01,5.388399e-03,6.537279e-01
4.870000,6.456674e-01,6.635046e-03,6.523025e-01
4.880000,6.430885e-01,8.005977e-03,6.510945e-01
4.890000,6.401758e-01,9.505083e-03,6.496809e-01
4.900000,6.373578e-01,1.112559e-02,6.484834e-01
4.910000,6.342094e-01,1.287328e-02,6.470827e-01
4.920000,6.311573e-01,1.473914e-02,6.458964e-01
4.930000,6.277787e-01,1.673115e-02,6.445098e-01
4.940000,6.244978e-01,1.883774e-02,6.433355e-01
4.950000,6.208947e-01,2.106946e-02,6.419641e-01
4.960000,6.173907e-01,2.341180e-02,6.408025e-01
4.970000,6.135691e-01,2.587823e-02,6.394473e-01
4.980000,6.098482e-01,2.845100e-02,6.382992e-01
4.990000,6.058145e-01,3.114678e-02,6.369613e-01
5.000000,6.018829e-01,3.394430e-02,6.358272e-01
5.010000,5.976438e-01,3.686376e-02,6.345076e-01
5.020000,5.935084e-01,3.988001e-02,6.333884e-01
5.030000,5.890708e-01,4.301711e-02,6.320879e-01
5.040000,5.847384e-01,4.624576e-02,6.309842e-01
5.050000,5.801098e-01,4.959416e-02,6.297039e-01
5.060000,5.755877e-01,5.302856e-02,6.286163e-01
5.070000,5.707755e-01,5.658160e-02,6.273571e-01
5.080000,5.660713e-01,6.021479e-02,6.262861e-01
5.090000,5.610833e-01,6.396552e-02,6.250488e-01
5.100000,5.562049e-01,6.779026e-02,6.239951e-01
5.110000,5.510492e-01,7.173144e-02,6.227806e-01
5.120000,5.460045e-01,7.574021e-02,6.217447e-01
5.130000,5.406894e-01,7.986433e-02,6.205537e-01
5.140000,5.354867e-01,8.404935e-02,6.195361e-01
5.150000,5.300208e-01,8.834863e-02,6.183694e-01
5.160000,5.246687e-01,9.270187e-02,6.173706e-01
5.170000,5.190607e-01,9.716829e-02,6.162290e-01
5.180000,5.135678e-01,1.016815e-01,6.152493e-01
5.190000,5.078266e-01,1.063068e-01,6.141334e-01
5.200000,5.022019e-01,1.109715e-01,6.131734e-01
5.210000,4.963367e-01,1.157472e-01,6.120839e-01
5.220000,4.905892e-01,1.205547e-01,6.111439e-01
5.230000,4.846092e-01,1.254721e-01,6.100813e-01
5.240000,4.787482e-01,1.304135e-01,6.091617e-01
5.250000,4.726628e-01,1.354638e-01,6.081266e-01
5.260000,4.666977e-01,1.405300e-01,6.072277e-01
5.270000,4.605164e-01,1.457041e-01,6.062206e-01
5.280000,4.544567e-01,1.508860e-01,6.053427e-01
5.290000,4.481893e-01,1.561747e-01,6.043640e-01
5.300000,4.420445e-01,1.614628e-01,6.035074e-01
5.310000,4.357007e-01,1.668569e-01,6.025576e-01
5.320000,4.294807e-01,1.722418e-01,6.017225e-01
5.330000,4.230704e-01,1.777316e-01,6.008020e-01
5.340000,4.167848e-01,1.832037e-01,5.999885e-01
5.350000,4.103179e-01,1.887798e-01,5.990976e-01
5.360000,4.039767e-01,1.943292e-01,5.983060e-01
5.370000,3.974631e-01,1.999819e-01,5.974450e-01
5.380000,3.910763e-01,2.055990e-01,5.966753e-01
5.390000,3.845260e-01,2.113185e-01,5.958444e-01
5.400000,3.781034e-01,2.169934e-01,5.950968e-01
5.410000,3.715264e-01,2.227698e-01,5.942963e-01
5.420000,3.650781e-01,2.284926e-01,5.935707e-01
5.430000,3.584845e-01,2.343161e-01,5.928007e-01
5.440000,3.520204e-01,2.400769e-01,5.920973e-01
5.450000,3.454202e-01,2.459376e-01,5.913578e-01
5.460000,3.389502e-01,2.517264e-01,5.906766e-01
5.470000,3.323534e-01,2.576144e-01,5.899678e-01
5.480000,3.258875e-01,2.634212e-01,5.893087e-01
5.490000,3.193040e-01,2.693265e-01,5.886305e-01
5.500000,3.128520e-01,2.751414e-01,5.879935e-01
5.510000,3.062917e-01,2.810541e-01,5.873459e-01
5.520000,2.998635e-01,2.868672e-01,5.867308e-01
5.530000,2.933362e-01,2.927775e-01,5.861137e-01
5.540000,2.869416e-01,2.985789e-01,5.855205e-01
5.550000,2.804569e-01,3.044769e-01,5.849338e-01
5.560000,2.741054e-01,3.102568e-01,5.843622e-01
5.570000,2.676731e-01,3.161327e-01,5.838058e-01
5.580000,2.613743e-01,3.218814e-01,5.832557e-01
5.590000,2.550037e-01,3.277256e-01,5.827293e-01
5.600000,2.487671e-01,3.334334e-01,5.822005e-01
5.610000,2.424676e-01,3.392362e-01,5.817038e-01
5.620000,2.363024e-01,3.448936e-01,5.811960e-01
5.630000,2.300832e-01,3.506456e-01,5.807288e-01
5.640000,2.239985e-01,3.562432e-01,5.802417e-01
5.650000,2.178687e-01,3.619349e-01,5.798037e-01
5.660000,2.118736e-01,3.674634e-01,5.793370e-01
5.670000,2.058419e-01,3.730857e-01,5.789277e-01
5.680000,1.999451e-01,3.785360e-01,5.784810e-01
5.690000,1.940203e-01,3.840798e-01,5.781001e-01
5.700000,1.882303e-01,3.894428e-01,5.776731e-01
5.710000,1.824209e-01,3.948991e-01,5.773200e-01
5.720000,1.767462e-01,4.001662e-01,5.769124e-01
5.730000,1.710603e-01,4.055263e-01,5.765866e-01
5.740000,1.655091e-01,4.106888e-01,5.761979e-01
5.750000,1.599547e-01,4.159442e-01,5.758989e-01
5.760000,1.545349e-01,4.209937e-01,5.755286e-01
5.770000,1.491198e-01,4.261360e-01,5.752559e-01
5.780000,1.438392e-01,4.310644e-01,5.749036e-01
5.790000,1.385709e-01,4.360855e-01,5.746564e-01
5.800000,1.334369e-01,4.408848e-01,5.743216e-01
5.810000,1.283226e-01,4.457767e-01,5.740993e-01
5.820000,1.233424e-01,4.504392e-01,5.737816e-01
5.830000,1.183892e-01,4.551943e-01,5.735835e-01
5.840000,1.135696e-01,4.597126e-01,5.732822e-01
5.850000,1.087841e-01,4.643235e-01,5.731077e-01
5.860000,1.041319e-01,4.686903e-01,5.728222e-01
5.870000,9.952054e-02,4.731499e-01,5.726704e-01
5.880000,9.504196e-02,4.773583e-01,5.724003e-01
5.890000,9.061082e-02,4.816596e-01,5.722705e-01
5.900000,8.631193e-02,4.857031e-01,5.720150e-01
5.910000,8.206678e-02,4.898396e-01,5.719063e-01
5.920000,7.795333e-02,4.937116e-01,5.716650e-01
5.930000,7.389962e-02,4.976770e-01,5.715766e-01
5.940000,6.997701e-02,5.013717e-01,5.713487e-01
5.950000,6.611988e-02,5.051599e-01,5.712797e-01
5.960000,6.239319e-02,5.086714e-01,5.710646e-01
5.970000,5.873744e-02,5.122767e-01,5.710142e-01
5.980000,5.521143e-02,5.155998e-01,5.708112e-01
5.990000,5.176151e-02,5.190168e-01,5.707783e-01
6.000000,4.844060e-02,5.221462e-01,5.705868e-01
6.010000,4.520062e-02,5.253700e-01,5.705706e-01
6.020000,4.208887e-02,5.283009e-01,5.703898e-01
6.030000,3.906259e-02,5.313267e-01,5.703893e-01
6.040000,3.616373e-02,5.340548e-01,5.702185e-01
6.050000,3.335456e-02,5.368781e-01,5.702327e-01
6.060000,3.067194e-02,5.393993e-01,5.700712e-01
6.070000,2.808293e-02,5.420161e-01,5.700990e-01
6.080000,2.561957e-02,5.443266e-01,5.699462e-01
6.090000,2.325340e-02,5.467332e-01,5.699866e-01
6.100000,2.101195e-02,5.488297e-01,5.698417e-01
6.110000,1.887092e-02,5.510228e-01,5.698937e-01
6.120000,1.685366e-02,5.529022e-01,5.697558e-01
6.130000,1.493973e-02,5.548787e-01,5.698184e-01
6.140000,1.314858e-02,5.565383e-01,5.696869e-01
6.150000,1.146332e-02,5.582956e-01,5.697589e-01
6.160000,9.899831e-03,5.597332e-01,5.696330e-01
6.170000,8.444457e-03,5.612690e-01,5.697134e-01
6.180000,7.109808e-03,5.624826e-01,5.695924e-01
6.190000,5.885151e-03,5.637949e-01,5.696801e-01
6.200000,4.780157e-03,5.647830e-01,5.695631e-01
6.210000,3.786681e-03,5.658703e-01,5.696570e-01
6.220000,2.911786e-03,5.666316e-01,5.695434e-01
6.230000,2.149585e-03,5.674928e-01,5.696424e-01
6.240000,1.504867e-03,5.680264e-01,5.695312e-01
6.250000,9.736647e-04,5.686606e-01,5.696343e-01
6.260000,5.588326e-04,5.689661e-01,5.695249e-01
6.270000,2.579877e-04,5.693728e-01,5.696308e-01
6.280000,7.238750e-05,5.694501e-01,5.695225e-01
6.290000,8.926750e-07,5.696293e-01,5.696302e-01
6.300000,4.350794e-05,5.694786e-01,5.695221e-01
6.310000,1.999948e-04,5.694304e-01,5.696304e-01
6.320000,4.694501e-04,5.690524e-01,5.695218e-01
6.330000,8.521924e-04,5.687776e-01,5.696298e-01
6.340000,1.346757e-03,5.681732e-01,5.695199e-01
6.350000,1.953675e-03,5.676727e-01,5.696264e-01
6.360000,2.671267e-03,5.668432e-01,5.695145e-01
6.370000,3.499932e-03,5.661184e-01,5.696184e-01
6.380000,4.438124e-03,5.650656e-01,5.695037e-01
6.390000,5.485764e-03,5.641181e-01,5.696039e-01
6.400000,6.641786e-03,5.628440e-01,5.694858e-01
6.410000,7.905290e-03,5.616759e-01,5.695812e-01
6.420000,9.276039e-03,5.601829e-01,5.694589e-01
6.430000,1.075197e-02,5.587966e-01,5.695486e-01
6.440000,1.233401e-02,5.570874e-01,5.694214e-01
6.450000,1.401859e-02,5.554856e-01,5.695042e-01
6.460000,1.580817e-02,5.535632e-01,5.693713e-01
6.470000,1.769733e-02,5.517489e-01,5.694463e-01
6.480000,1.969038e-02,5.496168e-01,5.693072e-01
6.490000,2.177972e-02,5.475935e-01,5.693732e-01
6.500000,2.397185e-02,5.452553e-01,5.692272e-01
6.510000,2.625668e-02,5.430267e-01,5.692833e-01
6.520000,2.864323e-02,5.404865e-01,5.691297e-01
6.530000,3.111856e-02,5.380565e-01,5.691750e-01
6.540000,3.369456e-02,5.353186e-01,5.690132e-01
6.550000,3.635512e-02,5.326916e-01,5.690467e-01
6.560000,3.911533e-02,5.297606e-01,5.688760e-01
6.570000,4.195557e-02,5.269412e-01,5.688968e-01
6.580000,4.489446e-02,5.238221e-01,5.687166e-01
6.590000,4.790859e-02,5.208152e-01,5.687238e-01
6.600000,5.102038e-02,5.175132e-01,5.685336e-01
6.610000,5.420233e-02,5.143239e-01,5.685262e-01
6.620000,5.748099e-02,5.108445e-01,5.683254e-01
6.630000,6.082446e-02,5.074783e-01,5.683028e-01
6.640000,6.426372e-02,5.038271e-01,5.680909e-01
6.650000,6.776217e-02,5.002898e-01,5.680520e-01
6.660000,7.135553e-02,4.964729e-01,5.678285e-01
6.670000,7.500222e-02,4.927705e-01,5.677727e-01
6.680000,7.874295e-02,4.887940e-01,5.675370e-01
6.690000,8.253090e-02,4.849326e-01,5.674635e-01
6.700000,8.641209e-02,4.808031e-01,5.672152e-01
6.710000,9.033414e-02,4.767891e-01,5.671232e-01
6.720000,9.434866e-02,4.725132e-01,5.668619e-01
6.730000,9.839747e-02,4.683534e-01,5.667508e-01
6.740000,1.025380e-01,4.639380e-01,5.664760e-01
6.750000,1.067061e-01,4.596391e-01,5.663452e-01
6.760000,1.109652e-01,4.550913e-01,5.660565e-01
6.770000,1.152448e-01,4.506604e-01,5.659052e-01
6.780000,1.196148e-01,4.459875e-01,5.656023e-01
6.790000,1.239982e-01,4.414319e-01,5.654301e-01
6.800000,1.284713e-01,4.366413e-01,5.651126e-01
6.810000,1.329505e-01,4.319683e-01,5.649188e-01
6.820000,1.375189e-01,4.270676e-01,5.645865e-01
6.830000,1.420858e-01,4.222849e-01,5.643707e-01
6.840000,1.467414e-01,4.172818e-01,5.640231e-01
6.850000,1.513878e-01,4.123970e-01,5.637848e-01
6.860000,1.561224e-01,4.072994e-01,5.634218e-01
6.870000,1.608401e-01,4.023204e-01,5.631606e-01
6.880000,1.656456e-01,3.971363e-01,5.627820e-01
6.890000,1.704262e-01,3.920711e-01,5.624974e-01
6.900000,1.752943e-01,3.868086e-01,5.621029e-01
6.910000,1.801294e-01,3.816653e-01,5.617946e-01
6.920000,1.850516e-01,3.763325e-01,5.613841e-01
6.930000,1.899327e-01,3.711192e-01,5.610519e-01
6.940000,1.949007e-01,3.657246e-01,5.606252e-01
6.950000,1.998193e-01,3.604494e-01,5.602687e-01
6.960000,2.048245e-01,3.550012e-01,5.598257e-01
6.970000,2.097721e-01,3.496726e-01,5.594448e-01
6.980000,2.148062e-01,3.441793e-01,5.589855e-01
6.990000,2.197742e-01,3.388056e-01,5.585798e-01
7.000000,2.248286e-01,3.332755e-01,5.581041e-01
7.010000,2.298085e-01,3.278651e-01,5.576737e-01
7.020000,2.348747e-01,3.223068e-01,5.571815e-01
7.030000,2.398580e-01,3.168682e-01,5.567262e-01
7.040000,2.449276e-01,3.112900e-01,5.562176e-01
7.050000,2.499057e-01,3.058316e-01,5.557373e-01
7.060000,2.549702e-01,3.002421e-01,5.552123e-01
7.070000,2.599348e-01,2.947723e-01,5.547071e-01
7.080000,2.649858e-01,2.891800e-01,5.541657e-01
7.090000,2.699284e-01,2.837072e-01,5.536356e-01
7.100000,2.749575e-01,2.781205e-01,5.530780e-01
7.110000,2.798698e-01,2.726532e-01,5.525230e-01
7.120000,2.848689e-01,2.670804e-01,5.519493e-01
7.130000,2.897426e-01,2.616270e-01,5.513696e-01
7.140000,2.947034e-01,2.560765e-01,5.507799e-01
7.150000,2.995304e-01,2.506452e-01,5.501756e-01
7.160000,3.044448e-01,2.451253e-01,5.495701e-01
7.170000,3.092171e-01,2.397243e-01,5.489414e-01
7.180000,3.140771e-01,2.342431e-01,5.483203e-01
7.190000,3.187868e-01,2.288807e-01,5.476675e-01
7.200000,3.235846e-01,2.234464e-01,5.470310e-01
7.210000,3.282238e-01,2.181306e-01,5.463544e-01
7.220000,3.329516e-01,2.127511e-01,5.457027e-01
7.230000,3.375128e-01,2.074898e-01,5.450026e-01
7.240000,3.421630e-01,2.021731e-01,5.443361e-01
7.250000,3.466387e-01,1.969741e-01,5.436128e-01
7.260000,3.512039e-01,1.917279e-01,5.429318e-01
7.270000,3.555867e-01,1.865990e-01,5.421857e-01
7.280000,3.600596e-01,1.814308e-01,5.414904e-01
7.290000,3.643424e-01,1.763797e-01,5.407221e-01
7.300000,3.687160e-01,1.712970e-01,5.400129e-01
7.310000,3.728918e-01,1.663308e-01,5.392227e-01
7.320000,3.771591e-01,1.613409e-01,5.385001e-01
7.330000,3.812213e-01,1.564671e-01,5.376885e-01
7.340000,3.853756e-01,1.515771e-01,5.369528e-01
7.350000,3.893176e-01,1.468027e-01,5.361203e-01
7.360000,3.933525e-01,1.420195e-01,5.353720e-01
7.370000,3.971679e-01,1.373514e-01,5.345193e-01
7.380000,4.010770e-01,1.326817e-01,5.337587e-01
7.390000,4.047598e-01,1.281266e-01,5.328864e-01
7.400000,4.085371e-01,1.235769e-01,5.321141e-01
7.410000,4.120815e-01,1.191413e-01,5.312227e-01
7.420000,4.157212e-01,1.147179e-01,5.304391e-01
7.430000,4.191214e-01,1.104080e-01,5.295295e-01
7.440000,4.226180e-01,1.061171e-01,5.287351e-01
7.450000,4.258688e-01,1.019390e-01,5.278078e-01
7.460000,4.292169e-01,9.778622e-02,5.270031e-01
7.470000,4.323132e-01,9.374570e-02,5.260589e-01
7.480000,4.355077e-01,8.973678e-02,5.252444e-01
7.490000,4.384447e-01,8.583944e-02,5.242841e-01
7.500000,4.414808e-01,8.197966e-02,5.234604e-01
7.510000,4.442539e-01,7.823081e-02,5.224847e-01
7.520000,4.471271e-01,7.452525e-02,5.216524e-01
7.530000,4.497321e-01,7.092995e-02,5.206621e-01
7.540000,4.524383e-01,6.738344e-02,5.198217e-01
7.550000,4.548711e-01,6.394649e-02,5.188176e-01
7.560000,4.574062e-01,6.056354e-02,5.179697e-01
7.570000,4.596633e-01,5.728948e-02,5.169527e-01
7.580000,4.620236e-01,5.407436e-02,5.160979e-01
7.590000,4.641015e-01,5.096742e-02,5.150689e-01
7.600000,4.662837e-01,4.792410e-02,5.142078e-01
7.610000,4.681793e-01,4.498826e-02,5.131675e-01
7.620000,4.701803e-01,4.212043e-02,5.123007e-01
7.630000,4.718908e-01,3.935935e-02,5.112502e-01
7.640000,4.737079e-01,3.667039e-02,5.103783e-01
7.650000,4.752309e-01,3.408748e-02,5.093184e-01
7.660000,4.768616e-01,3.158048e-02,5.084421e-01
7.670000,4.781949e-01,2.917880e-02,5.073737e-01
7.680000,4.796370e-01,2.685656e-02,5.064935e-01
7.690000,4.807787e-01,2.463890e-02,5.054176e-01
7.700000,4.820304e-01,2.250388e-02,5.045343e-01
7.710000,4.829791e-01,2.047274e-02,5.034518e-01
7.720000,4.840387e-01,1.852712e-02,5.025659e-01
7.730000,4.847931e-01,1.668465e-02,5.014778e-01
7.740000,4.856596e-01,1.493028e-02,5.005899e-01
7.750000,4.862188e-01,1.327836e-02,4.994972e-01
7.760000,4.868912e-01,1.171679e-02,4.986080e-01
7.770000,4.872546e-01,1.025696e-02,4.975116e-01
7.780000,4.877323e-01,8.889432e-03,4.966217e-01
7.790000,4.878996e-01,7.622934e-03,4.955226e-01
7.800000,4.881824e-01,6.450354e-03,4.946327e-01
7.810000,4.881537e-01,5.378116e-03,4.935318e-01
7.820000,4.882415e-01,4.401088e-03,4.926426e-01
7.830000,4.880171e-01,3.523722e-03,4.915408e-01
7.840000,4.879103e-01,2.742531e-03,4.906529e-01
7.850000,4.874910e-01,2.060336e-03,4.895513e-01
7.860000,4.871902e-01,1.474955e-03,4.886652e-01
7.870000,4.865769e-01,9.879191e-04,4.875648e-01
7.880000,4.860832e-01,5.980063e-04,4.866812e-01
7.890000,4.852771e-01,3.058046e-04,4.855829e-01
7.900000,4.845916e-01,1.107085e-04,4.847024e-01
7.910000,4.835944e-01,1.270745e-05,4.836071e-01
7.920000,4.827188e-01,1.146755e-05,4.827303e-01
7.930000,4.815324e-01,1.067263e-04,4.816391e-01
7.940000,4.804685e-01,2.980761e-04,4.807666e-01
7.950000,4.790950e-01,5.853495e-04,4.796803e-01
7.960000,4.778450e-01,9.677198e-04,4.788127e-01
7.970000,4.762869e-01,1.445462e-03,4.777323e-01
7.980000,4.748532e-01,2.016985e-03,4.768702e-01
7.990000,4.731133e-01,2.683351e-03,4.757966e-01
8.000000,4.714987e-01,3.441864e-03,4.749405e-01
8.010000,4.695799e-01,4.294719e-03,4.738746e-01
8.020000,4.677874e-01,5.237768e-03,4.730252e-01
8.030000,4.656932e-01,6.274686e-03,4.719679e-01
8.040000,4.637260e-01,7.399535e-03,4.711256e-01
8.050000,4.614599e-01,8.617806e-03,4.700777e-01
8.060000,4.593217e-01,9.921437e-03,4.692431e-01
8.070000,4.568875e-01,1.131808e-02,4.682056e-01
8.080000,4.545820e-01,1.279720e-02,4.673792e-01
8.090000,4.519839e-01,1.436894e-02,4.663528e-01
8.100000,4.495151e-01,1.602000e-02,4.655351e-01
8.110000,4.467574e-01,1.776333e-02,4.645208e-01
8.120000,4.441297e-01,1.958251e-02,4.637122e-01
8.130000,4.412170e-01,2.149364e-02,4.627106e-01
8.140000,4.384349e-01,2.347686e-02,4.619117e-01
8.150000,4.353720e-01,2.555175e-02,4.609237e-01
8.160000,4.324402e-01,2.769471e-02,4.601349e-01
8.170000,4.292322e-01,2.992909e-02,4.591613e-01
8.180000,4.261558e-01,3.222722e-02,4.583830e-01
8.190000,4.228078e-01,3.461657e-02,4.574244e-01
8.200000,4.195920e-01,3.706510e-02,4.566571e-01
8.210000,4.161096e-01,3.960467e-02,4.557142e-01
8.220000,4.127597e-01,4.219860e-02,4.549583e-01
8.230000,4.091485e-01,4.488342e-02,4.540319e-01
8.240000,4.056701e-01,4.761753e-02,4.532877e-01
8.250000,4.019359e-01,5.044244e-02,4.523783e-01
8.260000,3.983349e-01,5.331132e-02,4.516462e-01
8.270000,3.944837e-01,5.627094e-02,4.507546e-01
8.280000,3.907660e-01,5.926897e-02,4.500349e-01
8.290000,3.868039e-01,6.235772e-02,4.491617e-01
8.300000,3.829756e-01,6.547913e-02,4.484547e-01
8.310000,3.789091e-01,6.869127e-02,4.476003e-01
8.320000,3.749764e-01,7.193007e-02,4.469065e-01
8.330000,3.708118e-01,7.525967e-02,4.460715e-01
8.340000,3.667812e-01,7.860975e-02,4.453909e-01
8.350000,3.625251e-01,8.205073e-02,4.445759e-01
8.360000,3.584031e-01,8.550580e-02,4.439089e-01
8.370000,3.540623e-01,8.905191e-02,4.431142e-01
8.380000,3.498556e-01,9.260556e-02,4.424611e-01
8.390000,3.454368e-01,9.625044e-02,4.416873e-01
8.400000,3.411521e-01,9.989611e-02,4.410482e-01
8.410000,3.366624e-01,1.036332e-01,4.402956e-01
8.420000,3.323066e-01,1.073643e-01,4.396708e-01
8.430000,3.277528e-01,1.111870e-01,4.389398e-01
8.440000,3.233328e-01,1.149966e-01,4.383294e-01
8.450000,3.187221e-01,1.188982e-01,4.376204e-01
8.460000,3.142450e-01,1.227795e-01,4.370245e-01
8.470000,3.095845e-01,1.267532e-01,4.363377e-01
8.480000,3.050574e-01,1.306992e-01,4.357566e-01
8.490000,3.003543e-01,1.347380e-01,4.350924e-01
8.500000,2.957842e-01,1.387418e-01,4.345260e-01
8.510000,2.910458e-01,1.428387e-01,4.338845e-01
8.520000,2.864400e-01,1.468931e-01,4.333330e-01
8.530000,2.816735e-01,1.510411e-01,4.327145e-01
8.540000,2.770391e-01,1.551389e-01,4.321780e-01
8.550000,2.722518e-01,1.593308e-01,4.315826e-01
8.560000,2.675961e-01,1.634649e-01,4.310610e-01
8.570000,2.627952e-01,1.676937e-01,4.304889e-01
8.580000,2.581255e-01,1.718568e-01,4.299823e-01
8.590000,2.533183e-01,1.761153e-01,4.294336e-01
8.600000,2.486417e-01,1.803002e-01,4.289420e-01
8.610000,2.438356e-01,1.845811e-01,4.284167e-01
8.620000,2.391593e-01,1.887806e-01,4.279400e-01
8.630000,2.343614e-01,1.930768e-01,4.274382e-01
8.640000,2.296927e-01,1.972837e-01,4.269764e-01
8.650000,2.249102e-01,2.015878e-01,4.264980e-01
8.660000,2.202561e-01,2.057949e-01,4.260510e-01
8.670000,2.154961e-01,2.101000e-01,4.255961e-01
8.680000,2.108638e-01,2.143000e-01,4.251638e-01
8.690000,2.061334e-01,2.185988e-01,4.247322e-01
8.700000,2.015299e-01,2.227847e-01,4.243146e-01
8.710000,1.968361e-01,2.270701e-01,4.239062e-01
8.720000,1.922683e-01,2.312347e-01,4.235030e-01
8.730000,1.876180e-01,2.354997e-01,4.231177e-01
8.740000,1.830927e-01,2.396361e-01,4.227288e-01
8.750000,1.784927e-01,2.438736e-01,4.223663e-01
8.760000,1.740168e-01,2.479749e-01,4.219916e-01
8.770000,1.694738e-01,2.521781e-01,4.216518e-01
8.780000,1.650539e-01,2.562372e-01,4.212911e-01
8.790000,1.605745e-01,2.603992e-01,4.209737e-01
8.800000,1.562171e-01,2.644096e-01,4.206267e-01
8.810000,1.518078e-01,2.685237e-01,4.203314e-01
8.820000,1.475194e-01,2.724785e-01,4.199979e-01
8.830000,1.431864e-01,2.765381e-01,4.197245e-01
8.840000,1.389732e-01,2.804310e-01,4.194042e-01
8.850000,1.347228e-01,2.844295e-01,4.191523e-01
8.860000,1.305910e-01,2.882539e-01,4.188450e-01
8.870000,1.264291e-01,2.921850e-01,4.186141e-01
8.880000,1.223848e-01,2.959347e-01,4.183195e-01
8.890000,1.183172e-01,2.997921e-01,4.181093e-01
8.900000,1.143661e-01,3.034610e-01,4.178271e-01
8.910000,1.103986e-01,3.072385e-01,4.176371e-01
8.920000,1.065464e-01,3.108206e-01,4.173670e-01
8.930000,1.026845e-01,3.145123e-01,4.171968e-01
8.940000,9.893653e-02,3.180018e-01,4.169384e-01
8.950000,9.518550e-02,3.216020e-01,4.167875e-01
8.960000,9.154717e-02,3.249932e-01,4.165404e-01
8.970000,8.791211e-02,3.284962e-01,4.164083e-01
8.980000,8.438849e-02,3.317837e-01,4.161722e-01
8.990000,8.087430e-02,3.351840e-01,4.160583e-01
9.000000,7.747026e-02,3.383626e-01,4.158329e-01
9.010000,7.408164e-02,3.416550e-01,4.157366e-01
9.020000,7.080186e-02,3.447195e-01,4.155214e-01
9.030000,6.754326e-02,3.478989e-01,4.154422e-01
9.040000,6.439221e-02,3.508445e-01,4.152367e-01
9.050000,6.126788e-02,3.539061e-01,4.151740e-01
9.060000,5.824978e-02,3.567281e-01,4.149779e-01
9.070000,5.526374e-02,3.596672e-01,4.149309e-01
9.080000,5.238260e-02,3.623612e-01,4.147438e-01
9.090000,4.953862e-02,3.651733e-01,4.147119e-01
9.100000,4.679821e-02,3.677352e-01,4.145334e-01
9.110000,4.409983e-02,3.704161e-01,4.145159e-01
9.120000,4.150369e-02,3.728417e-01,4.143454e-01
9.130000,3.895419e-02,3.753874e-01,4.143416e-01
9.140000,3.650560e-02,3.776732e-01,4.141788e-01
9.150000,3.410802e-02,3.800799e-01,4.141880e-01
9.160000,3.181004e-02,3.822222e-01,4.140322e-01
9.170000,2.956716e-02,3.844865e-01,4.140537e-01
9.180000,2.742256e-02,3.864820e-01,4.139046e-01
9.190000,2.533691e-02,3.886006e-01,4.139375e-01
9.200000,2.334824e-02,3.904464e-01,4.137946e-01
9.210000,2.142208e-02,3.924162e-01,4.138383e-01
9.220000,1.959161e-02,3.941094e-01,4.137010e-01
9.230000,1.782694e-02,3.959277e-01,4.137546e-01
9.240000,1.615668e-02,3.974659e-01,4.136226e-01
9.250000,1.455524e-02,3.991300e-01,4.136853e-01
9.260000,1.304695e-02,4.005110e-01,4.135579e-01
9.270000,1.161020e-02,4.020187e-01,4.136289e-01
9.280000,1.026537e-02,4.032404e-01,4.135058e-01
9.290000,8.994512e-03,4.045898e-01,4.135843e-01
9.300000,7.814365e-03,4.056504e-01,4.134648e-01
9.310000,6.710323e-03,4.068397e-01,4.135500e-01
9.320000,5.695811e-03,4.077378e-01,4.134336e-01
9.330000,4.759249e-03,4.087654e-01,4.135247e-01
9.340000,3.911059e-03,4.094999e-01,4.134110e-01
9.350000,3.142369e-03,4.103646e-01,4.135070e-01
9.360000,2.460922e-03,4.109345e-01,4.133954e-01
9.370000,1.860223e-03,4.116354e-01,4.134956e-01
9.380000,1.345672e-03,4.120400e-01,4.133857e-01
9.390000,9.128167e-04,4.125763e-01,4.134892e-01
9.400000,5.650507e-04,4.128153e-01,4.133803e-01
9.410000,2.996242e-04,4.131867e-01,4.134863e-01
9.420000,1.182652e-04,4.132598e-01,4.133781e-01
9.430000,1.958789e-05,4.134660e-01,4.134856e-01
9.440000,3.995659e-06,4.133735e-01,4.133775e-01
9.450000,7.112453e-05,4.134147e-01,4.134858e-01
9.460000,2.203976e-04,4.131569e-01,4.133773e-01
9.470000,4.521292e-04,4.130333e-01,4.134855e-01
9.480000,7.651077e-04,4.126109e-01,4.133760e-01
9.490000,1.159981e-03,4.123233e-01,4.134833e-01
9.500000,1.635249e-03,4.117372e-01,4.133725e-01
9.510000,2.191549e-03,4.112864e-01,4.134780e-01
9.520000,2.827439e-03,4.105378e-01,4.133653e-01
9.530000,3.543199e-03,4.099250e-01,4.134682e-01
9.540000,4.337795e-03,4.090153e-01,4.133531e-01
9.550000,5.210804e-03,4.082418e-01,4.134526e-01
9.560000,6.161945e-03,4.071727e-01,4.133346e-01
9.570000,7.189748e-03,4.062401e-01,4.134299e-01
9.580000,8.295032e-03,4.050136e-01,4.133086e-01
9.590000,9.474940e-03,4.039239e-01,4.133988e-01
9.600000,1.073173e-02,4.025421e-01,4.132738e-01
9.610000,1.206082e-02,4.012974e-01,4.133582e-01
9.620000,1.346625e-02,3.997627e-01,4.132290e-01
9.630000,1.494138e-02,3.983653e-01,4.133067e-01
9.640000,1.649236e-02,3.966805e-01,4.131728e-01
9.650000,1.811015e-02,3.951331e-01,4.132432e-01
9.660000,1.980337e-02,3.933008e-01,4.131042e-01
9.670000,2.156024e-02,3.916062e-01,4.131665e-01
9.680000,2.339218e-02,3.896298e-01,4.130220e-01
9.690000,2.528435e-02,3.877910e-01,4.130754e-01
9.700000,2.725128e-02,3.856737e-01,4.129250e-01
9.710000,2.927475e-02,3.836940e-01,4.129688e-01
9.720000,3.137274e-02,3.814393e-01,4.128121e-01
9.730000,3.352334e-02,3.793223e-01,4.128456e-01
9.740000,3.574826e-02,3.769340e-01,4.126822e-01
9.750000,3.802162e-02,3.746832e-01,4.127048e-01
9.760000,4.036918e-02,3.721652e-01,4.125344e-01
9.770000,4.276074e-02,3.697846e-01,4.125453e-01
9.780000,4.522645e-02,3.671411e-01,4.123676e-01
9.790000,4.773151e-02,3.646347e-01,4.123663e-01
9.800000,5.031072e-02,3.618700e-01,4.121807e-01
9.810000,5.292440e-02,3.592422e-01,4.121666e-01
9.820000,5.561230e-02,3.563607e-01,4.119730e-01
9.830000,5.832956e-02,3.536158e-01,4.119454e-01
9.840000,6.112118e-02,3.506223e-01,4.117435e-01
9.850000,6.393685e-02,3.477650e-01,4.117018e-01
9.860000,6.682708e-02,3.446642e-01,4.114913e-01
9.870000,6.973586e-02,3.416993e-01,4.114351e-01
9.880000,7.271945e-02,3.384962e-01,4.112157e-01
9.890000,7.571588e-02,3.354285e-01,4.111444e-01
9.900000,7.878747e-02,3.321284e-01,4.109158e-01
9.910000,8.186601e-02,3.289630e-01,4.108290e-01
9.920000,8.502009e-02,3.255709e-01,4.105910e-01
9.930000,8.817509e-02,3.223131e-01,4.104882e-01
9.940000,9.140607e-02,3.188345e-01,4.102406e-01
9.950000,9.463174e-02,3.154895e-01,4.101213e-01
9.960000,9.793392e-02,3.119300e-01,4.098639e-01
9.970000,1.012244e-01,3.085033e-01,4.097277e-01
9.980000,1.045920e-01,3.048684e-01,4.094604e-01
9.990000,1.079414e-01,3.013656e-01,4.093070e-01
