time,euler_theta,leapfrog_theta
0,0.3,0.3
0.005,0.3,0
0.01,0.299521,0
0.015,0.298566,0
0.02,0.297137,0
0.025,0.295239,0
0.03,0.292875,0
0.035,0.290053,0
0.04,0.286777,0
0.045,0.283054,0
0.05,0.278892,0
0.055,0.274299,0
0.06,0.269284,0
0.065,0.263856,0
0.07,0.258025,0
0.075,0.251802,0
0.08,0.245199,0
0.085,0.238226,0
0.09,0.230897,0
0.095,0.223224,0
0.1,0.215221,0
0.105,0.206902,0
0.11,0.198281,0
0.115,0.189372,0
0.12,0.180192,0
0.125,0.170755,0
0.13,0.161077,0
0.135,0.151176,0
0.14,0.141067,0
0.145,0.130767,0
0.15,0.120293,0
0.155,0.109663,0
0.16,0.0988938,0
0.165,0.0880037,0
0.17,0.0770101,0
0.175,0.065931,0
0.18,0.0547843,0
0.185,0.0435881,0
0.19,0.0323605,0
0.195,0.0211194,0
0.2,0.00988281,0
0.205,-0.00133127,0
0.21,-0.0125051,0
0.215,-0.0236209,0
0.22,-0.0346611,0
0.225,-0.0456085,0
0.23,-0.0564457,0
0.235,-0.067156,0
0.24,-0.0777226,0
0.245,-0.0881292,0
0.25,-0.0983597,0
0.255,-0.108398,0
0.26,-0.11823,0
0.265,-0.127839,0
0.27,-0.137211,0
0.275,-0.146333,0
0.28,-0.15519,0
0.285,-0.163769,0
0.29,-0.172057,0
0.295,-0.180042,0
0.3,-0.187713,0
0.305,-0.195058,0
0.31,-0.202067,0
0.315,-0.208729,0
0.32,-0.215036,0
0.325,-0.220977,0
0.33,-0.226546,0
0.335,-0.231734,0
0.34,-0.236534,0
0.345,-0.240941,0
0.35,-0.244948,0
0.355,-0.24855,0
0.36,-0.251743,0
0.365,-0.254524,0
0.37,-0.256888,0
0.375,-0.258835,0
0.38,-0.260362,0
0.385,-0.261467,0
0.39,-0.262152,0
0.395,-0.262416,0
0.4,-0.26226,0
0.405,-0.261686,0
0.41,-0.260696,0
0.415,-0.259293,0
0.42,-0.257482,0
0.425,-0.255265,0
0.43,-0.252648,0
0.435,-0.249637,0
0.44,-0.246238,0
0.445,-0.242457,0
0.45,-0.238302,0
0.455,-0.233781,0
0.46,-0.228901,0
0.465,-0.223673,0
0.47,-0.218106,0
0.475,-0.21221,0
0.48,-0.205995,0
0.485,-0.199472,0
0.49,-0.192653,0
0.495,-0.185549,0
0.5,-0.178174,0
0.505,-0.170539,0
0.51,-0.162658,0
0.515,-0.154544,0
0.52,-0.146211,0
0.525,-0.137673,0
0.53,-0.128945,0
0.535,-0.12004,0
0.54,-0.110974,0
0.545,-0.101761,0
0.55,-0.0924175,0
0.555,-0.0829582,0
0.56,-0.0733987,0
0.565,-0.0637545,0
0.57,-0.0540414,0
0.575,-0.0442751,0
0.58,-0.0344713,0
0.585,-0.0246459,0
0.59,-0.0148146,0
0.595,-0.00499306,0
0.6,0.004803,0
0.605,0.0145581,0
0.61,0.0242567,0
0.615,0.0338835,0
0.62,0.0434236,0
0.625,0.0528618,0
0.63,0.0621835,0
0.635,0.0713742,0
0.64,0.0804197,0
0.645,0.089306,0
0.65,0.0980196,0
0.655,0.106547,0
0.66,0.114875,0
0.665,0.122992,0
0.67,0.130884,0
0.675,0.138541,0
0.68,0.145951,0
0.685,0.153102,0
0.69,0.159985,0
0.695,0.166588,0
0.7,0.172904,0
0.705,0.178922,0
0.71,0.184633,0
0.715,0.190031,0
0.72,0.195107,0
0.725,0.199854,0
0.73,0.204266,0
0.735,0.208336,0
0.74,0.212061,0
0.745,0.215434,0
0.75,0.218451,0
0.755,0.22111,0
0.76,0.223407,0
0.765,0.225339,0
0.77,0.226905,0
0.775,0.228103,0
0.78,0.228934,0
0.785,0.229396,0
0.79,0.22949,0
0.795,0.229217,0
0.8,0.22858,0
0.805,0.227579,0
0.81,0.226219,0
0.815,0.224502,0
0.82,0.222433,0
0.825,0.220016,0
0.83,0.217256,0
0.835,0.214158,0
0.84,0.210729,0
0.845,0.206975,0
0.85,0.202904,0
0.855,0.198522,0
0.86,0.193839,0
0.865,0.188862,0
0.87,0.1836,0
0.875,0.178064,0
0.88,0.172261,0
0.885,0.166204,0
0.89,0.159902,0
0.895,0.153366,0
0.9,0.146608,0
0.905,0.139638,0
0.91,0.132469,0
0.915,0.125114,0
0.92,0.117583,0
0.925,0.109891,0
0.93,0.102049,0
0.935,0.0940709,0
0.94,0.0859699,0
0.945,0.0777592,0
0.95,0.0694524,0
0.955,0.0610629,0
0.96,0.0526045,0
0.965,0.0440909,0
0.97,0.0355359,0
0.975,0.0269533,0
0.98,0.0183569,0
0.985,0.00976043,0
0.99,0.00117764,0
0.995,-0.00737781,0
1,-0.0158924,0
1.005,-0.0243526,0
1.01,-0.0327451,0
1.015,-0.0410568,0
1.02,-0.0492747,0
1.025,-0.0573859,0
1.03,-0.0653779,0
1.035,-0.0732384,0
1.04,-0.0809551,0
1.045,-0.0885164,0
1.05,-0.0959106,0
1.055,-0.103127,0
1.06,-0.110153,0
1.065,-0.11698,0
1.07,-0.123597,0
1.075,-0.129995,0
1.08,-0.136162,0
1.085,-0.142092,0
1.09,-0.147775,0
1.095,-0.153202,0
1.1,-0.158366,0
1.105,-0.16326,0
1.11,-0.167877,0
1.115,-0.172209,0
1.12,-0.176253,0
1.125,-0.180001,0
1.13,-0.183449,0
1.135,-0.186592,0
1.14,-0.189427,0
1.145,-0.19195,0
1.15,-0.194157,0
1.155,-0.196048,0
1.16,-0.197619,0
1.165,-0.198869,0
1.17,-0.199797,0
1.175,-0.200403,0
1.18,-0.200687,0
1.185,-0.20065,0
1.19,-0.200293,0
1.195,-0.199617,0
1.2,-0.198625,0
1.205,-0.197319,0
1.21,-0.195703,0
1.215,-0.19378,0
1.22,-0.191553,0
1.225,-0.189029,0
1.23,-0.186212,0
1.235,-0.183106,0
1.24,-0.179719,0
1.245,-0.176057,0
1.25,-0.172126,0
1.255,-0.167934,0
1.26,-0.163488,0
1.265,-0.158796,0
1.27,-0.153866,0
1.275,-0.148708,0
1.28,-0.14333,0
1.285,-0.137741,0
1.29,-0.131952,0
1.295,-0.125971,0
1.3,-0.11981,0
1.305,-0.113478,0
1.31,-0.106987,0
1.315,-0.100347,0
1.32,-0.0935701,0
1.325,-0.0866663,0
1.33,-0.0796478,0
1.335,-0.0725259,0
1.34,-0.0653126,0
1.345,-0.0580195,0
1.35,-0.0506586,0
1.355,-0.0432419,0
1.36,-0.0357814,0
1.365,-0.0282892,0
1.37,-0.0207773,0
1.375,-0.0132579,0
1.38,-0.00574283,0
1.385,0.0017558,0
1.39,0.00922611,0
1.395,0.0166563,0
1.4,0.0240345,0
1.405,0.0313493,0
1.41,0.0385892,0
1.415,0.0457428,0
1.42,0.052799,0
1.425,0.059747,0
1.43,0.0665759,0
1.435,0.0732752,0
1.44,0.0798348,0
1.445,0.0862447,0
1.45,0.092495,0
1.455,0.0985764,0
1.46,0.10448,0
1.465,0.110196,0
1.47,0.115717,0
1.475,0.121035,0
1.48,0.126141,0
1.485,0.131029,0
1.49,0.13569,0
1.495,0.14012,0
1.5,0.14431,0
1.505,0.148256,0
1.51,0.151952,0
1.515,0.155392,0
1.52,0.158573,0
1.525,0.16149,0
1.53,0.164139,0
1.535,0.166517,0
1.54,0.168621,0
1.545,0.170449,0
1.55,0.171998,0
1.555,0.173268,0
1.56,0.174257,0
1.565,0.174964,0
1.57,0.175389,0
1.575,0.175533,0
1.58,0.175397,0
1.585,0.17498,0
1.59,0.174286,0
1.595,0.173316,0
1.6,0.172073,0
1.605,0.170559,0
1.61,0.168778,0
1.615,0.166734,0
1.62,0.16443,0
1.625,0.161872,0
1.63,0.159064,0
1.635,0.156012,0
1.64,0.152721,0
1.645,0.149197,0
1.65,0.145447,0
1.655,0.141478,0
1.66,0.137297,0
1.665,0.13291,0
1.67,0.128327,0
1.675,0.123554,0
1.68,0.1186,0
1.685,0.113473,0
1.69,0.108183,0
1.695,0.102738,0
1.7,0.0971481,0
1.705,0.0914218,0
1.71,0.085569,0
1.715,0.0795995,0
1.72,0.0735233,0
1.725,0.0673504,0
1.73,0.061091,0
1.735,0.0547554,0
1.74,0.0483539,0
1.745,0.041897,0
1.75,0.0353952,0
1.755,0.028859,0
1.76,0.0222991,0
1.765,0.0157258,0
1.77,0.0091498,0
1.775,0.00258159,0
1.78,-0.00396839,0
1.785,-0.0104897,0
1.79,-0.0169721,0
1.795,-0.0234054,0
1.8,-0.0297794,0
1.805,-0.0360841,0
1.81,-0.0423098,0
1.815,-0.0484468,0
1.82,-0.0544855,0
1.825,-0.0604167,0
1.83,-0.0662313,0
1.835,-0.0719203,0
1.84,-0.0774752,0
1.845,-0.0828875,0
1.85,-0.088149,0
1.855,-0.093252,0
1.86,-0.0981886,0
1.865,-0.102952,0
1.87,-0.107534,0
1.875,-0.11193,0
1.88,-0.116131,0
1.885,-0.120133,0
1.89,-0.12393,0
1.895,-0.127516,0
1.9,-0.130886,0
1.905,-0.134035,0
1.91,-0.13696,0
1.915,-0.139657,0
1.92,-0.142121,0
1.925,-0.14435,0
1.93,-0.146341,0
1.935,-0.148091,0
1.94,-0.149599,0
1.945,-0.150864,0
1.95,-0.151883,0
1.955,-0.152656,0
1.96,-0.153183,0
1.965,-0.153463,0
1.97,-0.153498,0
1.975,-0.153287,0
1.98,-0.152833,0
1.985,-0.152136,0
1.99,-0.151198,0
1.995,-0.150022,0
2,-0.148611,0
2.005,-0.146968,0
2.01,-0.145095,0
2.015,-0.142997,0
2.02,-0.140678,0
2.025,-0.138142,0
2.03,-0.135395,0
2.035,-0.13244,0
2.04,-0.129285,0
2.045,-0.125933,0
2.05,-0.122392,0
2.055,-0.118668,0
2.06,-0.114767,0
2.065,-0.110696,0
2.07,-0.106462,0
2.075,-0.102072,0
2.08,-0.0975347,0
2.085,-0.092857,0
2.09,-0.0880469,0
2.095,-0.0831127,0
2.1,-0.0780626,0
2.105,-0.0729051,0
2.11,-0.0676487,0
2.115,-0.0623022,0
2.12,-0.0568745,0
2.125,-0.0513744,0
2.13,-0.0458111,0
2.135,-0.0401935,0
2.14,-0.034531,0
2.145,-0.0288325,0
2.15,-0.0231074,0
2.155,-0.017365,0
2.16,-0.0116143,0
2.165,-0.00586471,0
2.17,-0.000125303,0
2.175,0.00559477,0
2.18,0.0112864,0
2.185,0.0169407,0
2.19,0.0225487,0
2.195,0.0281016,0
2.2,0.0335908,0
2.205,0.0390076,0
2.21,0.0443438,0
2.215,0.0495909,0
2.22,0.0547411,0
2.225,0.0597863,0
2.23,0.064719,0
2.235,0.0695315,0
2.24,0.0742166,0
2.245,0.0787674,0
2.25,0.0831769,0
2.255,0.0874386,0
2.26,0.0915462,0
2.265,0.0954937,0
2.27,0.0992753,0
2.275,0.102886,0
2.28,0.106319,0
2.285,0.109572,0
2.29,0.112638,0
2.295,0.115514,0
2.3,0.118196,0
2.305,0.12068,0
2.31,0.122963,0
2.315,0.125042,0
2.32,0.126914,0
2.325,0.128577,0
2.33,0.13003,0
2.335,0.131269,0
2.34,0.132295,0
2.345,0.133107,0
2.35,0.133703,0
2.355,0.134083,0
2.36,0.134249,0
2.365,0.134199,0
2.37,0.133935,0
2.375,0.133459,0
2.38,0.132771,0
2.385,0.131873,0
2.39,0.130768,0
2.395,0.129458,0
2.4,0.127946,0
2.405,0.126234,0
2.41,0.124327,0
2.415,0.122228,0
2.42,0.119941,0
2.425,0.11747,0
2.43,0.114821,0
2.435,0.111996,0
2.44,0.109003,0
2.445,0.105846,0
2.45,0.102531,0
2.455,0.099063,0
2.46,0.0954489,0
2.465,0.0916948,0
2.47,0.087807,0
2.475,0.0837923,0
2.48,0.0796576,0
2.485,0.0754097,0
2.49,0.0710559,0
2.495,0.0666035,0
2.5,0.0620599,0
2.505,0.0574327,0
2.51,0.0527295,0
2.515,0.0479583,0
2.52,0.0431266,0
2.525,0.0382426,0
2.53,0.0333142,0
2.535,0.0283493,0
2.54,0.0233561,0
2.545,0.0183426,0
2.55,0.0133169,0
2.555,0.00828704,0
2.56,0.00326106,0
2.565,-0.00175302,0
2.57,-0.00674723,0
2.575,-0.0117137,0
2.58,-0.0166445,0
2.585,-0.021532,0
2.59,-0.0263685,0
2.595,-0.0311464,0
2.6,-0.0358583,0
2.605,-0.040497,0
2.61,-0.0450552,0
2.615,-0.049526,0
2.62,-0.0539025,0
2.625,-0.0581781,0
2.63,-0.0623462,0
2.635,-0.0664006,0
2.64,-0.0703352,0
2.645,-0.0741442,0
2.65,-0.0778218,0
2.655,-0.0813627,0
2.66,-0.0847616,0
2.665,-0.0880136,0
2.67,-0.0911141,0
2.675,-0.0940586,0
2.68,-0.0968429,0
2.685,-0.0994631,0
2.69,-0.101916,0
2.695,-0.104197,0
2.7,-0.106304,0
2.705,-0.108235,0
2.71,-0.109986,0
2.715,-0.111556,0
2.72,-0.112942,0
2.725,-0.114143,0
2.73,-0.115158,0
2.735,-0.115986,0
2.74,-0.116625,0
2.745,-0.117076,0
2.75,-0.117339,0
2.755,-0.117414,0
2.76,-0.117301,0
2.765,-0.117001,0
2.77,-0.116515,0
2.775,-0.115845,0
2.78,-0.114992,0
2.785,-0.113959,0
2.79,-0.112747,0
2.795,-0.111359,0
2.8,-0.109799,0
2.805,-0.108068,0
2.81,-0.106171,0
2.815,-0.10411,0
2.82,-0.101891,0
2.825,-0.0995162,0
2.83,-0.0969908,0
2.835,-0.0943192,0
2.84,-0.0915061,0
2.845,-0.0885565,0
2.85,-0.0854755,0
2.855,-0.0822686,0
2.86,-0.0789413,0
2.865,-0.0754992,0
2.87,-0.0719484,0
2.875,-0.0682948,0
2.88,-0.0645446,0
2.885,-0.0607041,0
2.89,-0.0567798,0
2.895,-0.0527782,0
2.9,-0.048706,0
2.905,-0.0445699,0
2.91,-0.0403767,0
2.915,-0.0361333,0
2.92,-0.0318467,0
2.925,-0.0275239,0
2.93,-0.0231718,0
2.935,-0.0187975,0
2.94,-0.0144081,0
2.945,-0.0100107,0
2.95,-0.00561223,0
2.955,-0.00121978,0
2.96,0.00315966,0
2.965,0.00751916,0
2.97,0.0118518,0
2.975,0.0161508,0
2.98,0.0204094,0
2.985,0.0246209,0
2.99,0.0287787,0
2.995,0.0328765,0
3,0.0369078,0
3.005,0.0408665,0
3.01,0.0447465,0
3.015,0.0485418,0
3.02,0.0522468,0
3.025,0.0558557,0
3.03,0.0593632,0
3.035,0.0627639,0
3.04,0.0660529,0
3.045,0.0692253,0
3.05,0.0722763,0
3.055,0.0752016,0
3.06,0.0779969,0
3.065,0.0806581,0
3.07,0.0831816,0
3.075,0.0855636,0
3.08,0.087801,0
3.085,0.0898905,0
3.09,0.0918295,0
3.095,0.0936153,0
3.1,0.0952455,0
3.105,0.0967182,0
3.11,0.0980314,0
3.115,0.0991837,0
3.12,0.100174,0
3.125,0.101,0
3.13,0.101663,0
3.135,0.102161,0
3.14,0.102495,0
3.145,0.102663,0
3.15,0.102667,0
3.155,0.102508,0
3.16,0.102185,0
3.165,0.1017,0
3.17,0.101054,0
3.175,0.100249,0
3.18,0.0992874,0
3.185,0.0981702,0
3.19,0.0969,0
3.195,0.0954795,0
3.2,0.0939114,0
3.205,0.0921987,0
3.21,0.0903447,0
3.215,0.0883527,0
3.22,0.0862265,0
3.225,0.0839698,0
3.23,0.0815868,0
3.235,0.0790817,0
3.24,0.0764588,0
3.245,0.0737229,0
3.25,0.0708785,0
3.255,0.0679307,0
3.26,0.0648844,0
3.265,0.061745,0
3.27,0.0585176,0
3.275,0.0552079,0
3.28,0.0518212,0
3.285,0.0483634,0
3.29,0.0448401,0
3.295,0.0412573,0
3.3,0.0376208,0
3.305,0.0339365,0
3.31,0.0302107,0
3.315,0.0264493,0
3.32,0.0226585,0
3.325,0.0188444,0
3.33,0.0150132,0
3.335,0.0111711,0
3.34,0.00732428,0
3.345,0.00347882,0
3.35,-0.000359109,0
3.355,-0.0041834,0
3.36,-0.007988,0
3.365,-0.0117669,0
3.37,-0.0155141,0
3.375,-0.0192239,0
3.38,-0.0228903,0
3.385,-0.0265077,0
3.39,-0.0300704,0
3.395,-0.0335731,0
3.4,-0.0370102,0
3.405,-0.0403765,0
3.41,-0.0436669,0
3.415,-0.0468765,0
3.42,-0.0500002,0
3.425,-0.0530335,0
3.43,-0.0559718,0
3.435,-0.0588108,0
3.44,-0.0615462,0
3.445,-0.0641741,0
3.45,-0.0666906,0
3.455,-0.069092,0
3.46,-0.071375,0
3.465,-0.0735362,0
3.47,-0.0755727,0
3.475,-0.0774817,0
3.48,-0.0792604,0
3.485,-0.0809066,0
3.49,-0.082418,0
3.495,-0.0837927,0
3.5,-0.0850289,0
3.505,-0.0861252,0
3.51,-0.0870803,0
3.515,-0.0878931,0
3.52,-0.0885629,0
3.525,-0.0890889,0
3.53,-0.089471,0
3.535,-0.089709,0
3.54,-0.0898029,0
3.545,-0.0897531,0
3.55,-0.0895602,0
3.555,-0.0892251,0
3.56,-0.0887486,0
3.565,-0.0881321,0
3.57,-0.0873769,0
3.575,-0.0864849,0
3.58,-0.0854578,0
3.585,-0.0842978,0
3.59,-0.0830072,0
3.595,-0.0815885,0
3.6,-0.0800443,0
3.605,-0.0783776,0
3.61,-0.0765915,0
3.615,-0.0746892,0
3.62,-0.0726741,0
3.625,-0.0705499,0
3.63,-0.0683202,0
3.635,-0.0659891,0
3.64,-0.0635606,0
3.645,-0.0610389,0
3.65,-0.0584284,0
3.655,-0.0557334,0
3.66,-0.0529586,0
3.665,-0.0501088,0
3.67,-0.0471886,0
3.675,-0.0442031,0
3.68,-0.0411572,0
3.685,-0.0380559,0
3.69,-0.0349044,0
3.695,-0.0317079,0
3.7,-0.0284717,0
3.705,-0.0252011,0
3.71,-0.0219013,0
3.715,-0.0185779,0
3.72,-0.015236,0
3.725,-0.0118813,0
3.73,-0.00851897,0
3.735,-0.0051545,0
3.74,-0.00179325,0
3.745,0.00155942,0
3.75,0.00489819,0
3.755,0.00821778,0
3.76,0.0115129,0
3.765,0.0147785,0
3.77,0.0180094,0
3.775,0.0212005,0
3.78,0.0243469,0
3.785,0.0274438,0
3.79,0.0304863,0
3.795,0.0334697,0
3.8,0.0363896,0
3.805,0.0392414,0
3.81,0.0420209,0
3.815,0.0447239,0
3.82,0.0473463,0
3.825,0.0498841,0
3.83,0.0523337,0
3.835,0.0546914,0
3.84,0.0569538,0
3.845,0.0591175,0
3.85,0.0611795,0
3.855,0.0631369,0
3.86,0.0649867,0
3.865,0.0667266,0
3.87,0.068354,0
3.875,0.0698667,0
3.88,0.0712627,0
3.885,0.0725403,0
3.89,0.0736977,0
3.895,0.0747335,0
3.9,0.0756464,0
3.905,0.0764355,0
3.91,0.0770999,0
3.915,0.077639,0
3.92,0.0780523,0
3.925,0.0783395,0
3.93,0.0785008,0
3.935,0.0785361,0
3.94,0.078446,0
3.945,0.078231,0
3.95,0.0778918,0
3.955,0.0774294,0
3.96,0.076845,0
3.965,0.0761398,0
3.97,0.0753156,0
3.975,0.0743739,0
3.98,0.0733167,0
3.985,0.0721461,0
3.99,0.0708642,0
3.995,0.0694736,0
4,0.0679768,0
4.005,0.0663766,0
4.01,0.0646759,0
4.015,0.0628778,0
4.02,0.0609853,0
4.025,0.059002,0
4.03,0.0569312,0
4.035,0.0547766,0
4.04,0.0525419,0
4.045,0.0502309,0
4.05,0.0478476,0
4.055,0.045396,0
4.06,0.0428803,0
4.065,0.0403047,0
4.07,0.0376735,0
4.075,0.0349911,0
4.08,0.032262,0
4.085,0.0294907,0
4.09,0.0266818,0
4.095,0.0238398,0
4.1,0.0209694,0
4.105,0.0180753,0
4.11,0.0151622,0
4.115,0.0122349,0
4.12,0.00929792,0
4.125,0.00635614,0
4.13,0.00341422,0
4.135,0.000476862,0
4.14,-0.00245126,0
4.145,-0.0053655,0
4.15,-0.00826126,0
4.155,-0.011134,0
4.16,-0.0139791,0
4.165,-0.0167923,0
4.17,-0.0195691,0
4.175,-0.0223052,0
4.18,-0.0249963,0
4.185,-0.0276384,0
4.19,-0.0302274,0
4.195,-0.0327593,0
4.2,-0.0352304,0
4.205,-0.0376367,0
4.21,-0.0399748,0
4.215,-0.0422411,0
4.22,-0.0444323,0
4.225,-0.0465451,0
4.23,-0.0485764,0
4.235,-0.0505232,0
4.24,-0.0523827,0
4.245,-0.0541523,0
4.25,-0.0558294,0
4.255,-0.0574117,0
4.26,-0.058897,0
4.265,-0.0602831,0
4.27,-0.0615684,0
4.275,-0.0627509,0
4.28,-0.0638293,0
4.285,-0.0648021,0
4.29,-0.0656681,0
4.295,-0.0664264,0
4.3,-0.067076,0
4.305,-0.0676164,0
4.31,-0.0680469,0
4.315,-0.0683674,0
4.32,-0.0685777,0
4.325,-0.0686777,0
4.33,-0.0686678,0
4.335,-0.0685483,0
4.34,-0.0683197,0
4.345,-0.0679829,0
4.35,-0.0675387,0
4.355,-0.0669882,0
4.36,-0.0663326,0
4.365,-0.0655734,0
4.37,-0.0647121,0
4.375,-0.0637504,0
4.38,-0.0626902,0
4.385,-0.0615335,0
4.39,-0.0602826,0
4.395,-0.0589396,0
4.4,-0.0575072,0
4.405,-0.0559878,0
4.41,-0.0543842,0
4.415,-0.0526992,0
4.42,-0.0509359,0
4.425,-0.0490973,0
4.43,-0.0471865,0
4.435,-0.0452069,0
4.44,-0.0431619,0
4.445,-0.0410549,0
4.45,-0.0388896,0
4.455,-0.0366695,0
4.46,-0.0343985,0
4.465,-0.0320803,0
4.47,-0.0297187,0
4.475,-0.0273178,0
4.48,-0.0248814,0
4.485,-0.0224136,0
4.49,-0.0199184,0
4.495,-0.0173999,0
4.5,-0.0148623,0
4.505,-0.0123095,0
4.51,-0.00974572,0
4.515,-0.00717515,0
4.52,-0.00460186,0
4.525,-0.00203,0
4.53,0.000536361,0
4.535,0.00309313,0
4.54,0.00563625,0
4.545,0.00816172,0
4.55,0.0106656,0
4.555,0.0131439,0
4.56,0.0155927,0
4.565,0.0180084,0
4.57,0.0203871,0
4.575,0.0227251,0
4.58,0.0250189,0
4.585,0.027265,0
4.59,0.0294599,0
4.595,0.0316003,0
4.6,0.0336829,0
4.605,0.0357047,0
4.61,0.0376627,0
4.615,0.0395538,0
4.62,0.0413753,0
4.625,0.0431246,0
4.63,0.0447991,0
4.635,0.0463964,0
4.64,0.0479142,0
4.645,0.0493503,0
4.65,0.0507028,0
4.655,0.0519697,0
4.66,0.0531494,0
4.665,0.0542402,0
4.67,0.0552406,0
4.675,0.0561495,0
4.68,0.0569657,0
4.685,0.0576881,0
4.69,0.058316,0
4.695,0.0588487,0
4.7,0.0592856,0
4.705,0.0596264,0
4.71,0.0598708,0
4.715,0.0600188,0
4.72,0.0600705,0
4.725,0.0600261,0
4.73,0.0598861,0
4.735,0.0596509,0
4.74,0.0593213,0
4.745,0.0588982,0
4.75,0.0583824,0
4.755,0.0577752,0
4.76,0.0570779,0
4.765,0.0562918,0
4.77,0.0554185,0
4.775,0.0544597,0
4.78,0.0534172,0
4.785,0.052293,0
4.79,0.0510892,0
4.795,0.0498079,0
4.8,0.0484514,0
4.805,0.0470223,0
4.81,0.0455229,0
4.815,0.0439559,0
4.82,0.0423241,0
4.825,0.0406303,0
4.83,0.0388774,0
4.835,0.0370684,0
4.84,0.0352064,0
4.845,0.0332946,0
4.85,0.031336,0
4.855,0.0293342,0
4.86,0.0272923,0
4.865,0.0252138,0
4.87,0.0231021,0
4.875,0.0209607,0
4.88,0.0187931,0
4.885,0.016603,0
4.89,0.0143937,0
4.895,0.012169,0
4.9,0.0099325,0
4.905,0.00768772,0
4.91,0.00543831,0
4.915,0.00318787,0
4.92,0.000939996,0
4.925,-0.00130172,0
4.93,-0.00353374,0
4.935,-0.00575251,0
4.94,-0.00795455,0
4.945,-0.0101364,0
4.95,-0.0122946,0
4.955,-0.0144259,0
4.96,-0.0165269,0
4.965,-0.0185943,0
4.97,-0.0206251,0
4.975,-0.0226159,0
4.98,-0.024564,0
4.985,-0.0264661,0
4.99,-0.0283196,0
4.995,-0.0301215,0
5,-0.0318692,0
5.005,-0.0335601,0
5.01,-0.0351916,0
5.015,-0.0367614,0
5.02,-0.0382672,0
5.025,-0.0397068,0
5.03,-0.0410781,0
5.035,-0.0423792,0
5.04,-0.0436081,0
5.045,-0.0447633,0
5.05,-0.0458431,0
5.055,-0.046846,0
5.06,-0.0477707,0
5.065,-0.048616,0
5.07,-0.0493809,0
5.075,-0.0500643,0
5.08,-0.0506654,0
5.085,-0.0511836,0
5.09,-0.0516184,0
5.095,-0.0519692,0
5.1,-0.0522359,0
5.105,-0.0524184,0
5.11,-0.0525165,0
5.115,-0.0525304,0
5.12,-0.0524605,0
5.125,-0.052307,0
5.13,-0.0520705,0
5.135,-0.0517518,0
5.14,-0.0513515,0
5.145,-0.0508705,0
5.15,-0.0503101,0
5.155,-0.0496712,0
5.16,-0.0489552,0
5.165,-0.0481634,0
5.17,-0.0472975,0
5.175,-0.046359,0
5.18,-0.0453498,0
5.185,-0.0442715,0
5.19,-0.0431263,0
5.195,-0.0419161,0
5.2,-0.0406431,0
5.205,-0.0393095,0
5.21,-0.0379178,0
5.215,-0.0364702,0
5.22,-0.0349694,0
5.225,-0.0334178,0
5.23,-0.0318182,0
5.235,-0.0301732,0
5.24,-0.0284857,0
5.245,-0.0267584,0
5.25,-0.0249943,0
5.255,-0.0231963,0
5.26,-0.0213673,0
5.265,-0.0195105,0
5.27,-0.0176289,0
5.275,-0.0157255,0
5.28,-0.0138035,0
5.285,-0.0118661,0
5.29,-0.00991622,0
5.295,-0.00795719,0
5.3,-0.00599213,0
5.305,-0.00402418,0
5.31,-0.00205652,0
5.315,-9.22632e-05,0
5.32,0.00186545,0
5.325,0.00381353,0
5.33,0.00574888,0
5.335,0.00766847,0
5.34,0.00956929,0
5.345,0.0114484,0
5.35,0.0133028,0
5.355,0.0151296,0
5.36,0.0169261,0
5.365,0.0186894,0
5.37,0.0204169,0
5.375,0.022106,0
5.38,0.023754,0
5.385,0.0253584,0
5.39,0.026917,0
5.395,0.0284272,0
5.4,0.0298869,0
5.405,0.031294,0
5.41,0.0326463,0
5.415,0.0339419,0
5.42,0.0351789,0
5.425,0.0363555,0
5.43,0.0374701,0
5.435,0.038521,0
5.44,0.0395069,0
5.445,0.0404264,0
5.45,0.0412782,0
5.455,0.0420613,0
5.46,0.0427745,0
5.465,0.043417,0
5.47,0.0439879,0
5.475,0.0444868,0
5.48,0.0449129,0
5.485,0.0452659,0
5.49,0.0455454,0
5.495,0.0457512,0
5.5,0.0458833,0
5.505,0.0459417,0
5.51,0.0459266,0
5.515,0.0458382,0
5.52,0.045677,0
5.525,0.0454433,0
5.53,0.0451379,0
5.535,0.0447615,0
5.54,0.044315,0
5.545,0.0437992,0
5.55,0.0432152,0
5.555,0.0425642,0
5.56,0.0418475,0
5.565,0.0410665,0
5.57,0.0402225,0
5.575,0.0393172,0
5.58,0.0383522,0
5.585,0.0373293,0
5.59,0.0362503,0
5.595,0.035117,0
5.6,0.0339316,0
5.605,0.032696,0
5.61,0.0314125,0
5.615,0.0300832,0
5.62,0.0287103,0
5.625,0.0272963,0
5.63,0.0258436,0
5.635,0.0243545,0
5.64,0.0228316,0
5.645,0.0212775,0
5.65,0.0196947,0
5.655,0.0180858,0
5.66,0.0164535,0
5.665,0.0148006,0
5.67,0.0131296,0
5.675,0.0114433,0
5.68,0.00974455,0
5.685,0.008036,0
5.69,0.00632043,0
5.695,0.00460061,0
5.7,0.0028793,0
5.705,0.00115926,0
5.71,-0.000556785,0
5.715,-0.0022661,0
5.72,-0.00396598,0
5.725,-0.00565374,0
5.73,-0.00732673,0
5.735,-0.00898233,0
5.74,-0.010618,0
5.745,-0.0122311,0
5.75,-0.0138192,0
5.755,-0.0153798,0
5.76,-0.0169105,0
5.765,-0.0184091,0
5.77,-0.0198732,0
5.775,-0.0213005,0
5.78,-0.022689,0
5.785,-0.0240366,0
5.79,-0.0253412,0
5.795,-0.0266009,0
5.8,-0.0278138,0
5.805,-0.0289782,0
5.81,-0.0300924,0
5.815,-0.0311548,0
5.82,-0.0321638,0
5.825,-0.033118,0
5.83,-0.0340162,0
5.835,-0.0348569,0
5.84,-0.0356392,0
5.845,-0.0363619,0
5.85,-0.037024,0
5.855,-0.0376249,0
5.86,-0.0381636,0
5.865,-0.0386396,0
5.87,-0.0390522,0
5.875,-0.0394011,0
5.88,-0.039686,0
5.885,-0.0399065,0
5.89,-0.0400625,0
5.895,-0.0401541,0
5.9,-0.0401812,0
5.905,-0.0401441,0
5.91,-0.0400431,0
5.915,-0.0398785,0
5.92,-0.0396507,0
5.925,-0.0393605,0
5.93,-0.0390084,0
5.935,-0.0385952,0
5.94,-0.0381218,0
5.945,-0.0375892,0
5.95,-0.0369984,0
5.955,-0.0363505,0
5.96,-0.0356468,0
5.965,-0.0348886,0
5.97,-0.0340773,0
5.975,-0.0332144,0
5.98,-0.0323013,0
5.985,-0.0313398,0
5.99,-0.0303316,0
5.995,-0.0292783,0
6,-0.0281819,0
6.005,-0.0270443,0
6.01,-0.0258673,0
6.015,-0.0246531,0
6.02,-0.0234036,0
6.025,-0.022121,0
6.03,-0.0208075,0
6.035,-0.0194652,0
6.04,-0.0180964,0
6.045,-0.0167034,0
6.05,-0.0152885,0
6.055,-0.013854,0
6.06,-0.0124022,0
6.065,-0.0109356,0
6.07,-0.00945653,0
6.075,-0.0079674,0
6.08,-0.00647061,0
6.085,-0.00496858,0
6.09,-0.00346374,0
6.095,-0.00195849,0
6.1,-0.000455231,0
6.105,0.00104363,0
6.11,0.00253573,0
6.115,0.0040187,0
6.12,0.00549021,0
6.125,0.00694794,0
6.13,0.00838963,0
6.135,0.00981301,0
6.14,0.0112159,0
6.145,0.0125961,0
6.15,0.0139515,0
6.155,0.01528,0
6.16,0.0165795,0
6.165,0.0178482,0
6.17,0.0190841,0
6.175,0.0202853,0
6.18,0.0214501,0
6.185,0.0225766,0
6.19,0.0236633,0
6.195,0.0247085,0
6.2,0.0257107,0
6.205,0.0266684,0
6.21,0.0275803,0
6.215,0.028445,0
6.22,0.0292615,0
6.225,0.0300284,0
6.23,0.0307448,0
6.235,0.0314096,0
6.24,0.0320221,0
6.245,0.0325813,0
6.25,0.0330866,0
6.255,0.0335374,0
6.26,0.0339332,0
6.265,0.0342734,0
6.27,0.0345577,0
6.275,0.0347859,0
6.28,0.0349578,0
6.285,0.0350733,0
6.29,0.0351324,0
6.295,0.0351352,0
6.3,0.035082,0
6.305,0.0349729,0
6.31,0.0348083,0
6.315,0.0345888,0
6.32,0.0343147,0
6.325,0.0339869,0
6.33,0.0336059,0
6.335,0.0331725,0
6.34,0.0326876,0
6.345,0.0321523,0
6.35,0.0315674,0
6.355,0.0309341,0
6.36,0.0302536,0
6.365,0.0295271,0
6.37,0.0287559,0
6.375,0.0279415,0
6.38,0.0270852,0
6.385,0.0261887,0
6.39,0.0252533,0
6.395,0.0242808,0
6.4,0.0232729,0
6.405,0.0222312,0
6.41,0.0211577,0
6.415,0.0200539,0
6.42,0.018922,0
6.425,0.0177636,0
6.43,0.0165809,0
6.435,0.0153757,0
6.44,0.0141501,0
6.445,0.012906,0
6.45,0.0116456,0
6.455,0.0103709,0
6.46,0.00908396,0
6.465,0.00778691,0
6.47,0.00648184,0
6.475,0.00517086,0
6.48,0.00385609,0
6.485,0.00253965,0
6.49,0.00122362,0
6.495,-8.98746e-05,0
6.5,-0.00139876,0
6.505,-0.00270095,0
6.51,-0.0039944,0
6.515,-0.00527708,0
6.52,-0.00654696,0
6.525,-0.00780207,0
6.53,-0.00904045,0
6.535,-0.0102602,0
6.54,-0.0114594,0
6.545,-0.0126362,0
6.55,-0.0137889,0
6.555,-0.0149156,0
6.56,-0.0160147,0
6.565,-0.0170844,0
6.57,-0.0181233,0
6.575,-0.0191296,0
6.58,-0.0201021,0
6.585,-0.0210391,0
6.59,-0.0219393,0
6.595,-0.0228015,0
6.6,-0.0236243,0
6.605,-0.0244066,0
6.61,-0.0251473,0
6.615,-0.0258453,0
6.62,-0.0264997,0
6.625,-0.0271095,0
6.63,-0.027674,0
6.635,-0.0281924,0
6.64,-0.0286641,0
6.645,-0.0290883,0
6.65,-0.0294647,0
6.655,-0.0297928,0
6.66,-0.0300722,0
6.665,-0.0303026,0
6.67,-0.0304839,0
6.675,-0.0306159,0
6.68,-0.0306985,0
6.685,-0.0307319,0
6.69,-0.0307161,0
6.695,-0.0306514,0
6.7,-0.0305379,0
6.705,-0.030376,0
6.71,-0.0301662,0
6.715,-0.029909,0
6.72,-0.0296049,0
6.725,-0.0292546,0
6.73,-0.0288588,0
6.735,-0.0284182,0
6.74,-0.0279338,0
6.745,-0.0274064,0
6.75,-0.0268371,0
6.755,-0.0262268,0
6.76,-0.0255768,0
6.765,-0.0248882,0
6.77,-0.0241622,0
6.775,-0.0234,0
6.78,-0.0226032,0
6.785,-0.0217729,0
6.79,-0.0209107,0
6.795,-0.0200181,0
6.8,-0.0190965,0
6.805,-0.0181476,0
6.81,-0.017173,0
6.815,-0.0161742,0
6.82,-0.0151531,0
6.825,-0.0141112,0
6.83,-0.0130503,0
6.835,-0.0119723,0
6.84,-0.0108787,0
6.845,-0.00977156,0
6.85,-0.00865257,0
6.855,-0.00752356,0
6.86,-0.0063864,0
6.865,-0.0052429,0
6.87,-0.00409493,0
6.875,-0.00294433,0
6.88,-0.00179294,0
6.885,-0.000642614,0
6.89,0.000504826,0
6.895,0.00164755,0
6.9,0.00278376,0
6.905,0.00391166,0
6.91,0.00502947,0
6.915,0.00613545,0
6.92,0.00722788,0
6.925,0.00830504,0
6.93,0.00936528,0
6.935,0.010407,0
6.94,0.0114285,0
6.945,0.0124283,0
6.95,0.0134048,0
6.955,0.0143567,0
6.96,0.0152824,0
6.965,0.0161805,0
6.97,0.0170497,0
6.975,0.0178888,0
6.98,0.0186965,0
6.985,0.0194715,0
6.99,0.0202128,0
6.995,0.0209194,0
7,0.0215901,0
7.005,0.0222241,0
7.01,0.0228205,0
7.015,0.0233784,0
7.02,0.0238971,0
7.025,0.0243758,0
7.03,0.0248141,0
7.035,0.0252112,0
7.04,0.0255667,0
7.045,0.0258802,0
7.05,0.0261513,0
7.055,0.0263798,0
7.06,0.0265653,0
7.065,0.0267078,0
7.07,0.0268072,0
7.075,0.0268635,0
7.08,0.0268767,0
7.085,0.0268469,0
7.09,0.0267744,0
7.095,0.0266594,0
7.1,0.0265022,0
7.105,0.0263033,0
7.11,0.026063,0
7.115,0.0257819,0
7.12,0.0254607,0
7.125,0.0250999,0
7.13,0.0247002,0
7.135,0.0242625,0
7.14,0.0237875,0
7.145,0.0232762,0
7.15,0.0227295,0
7.155,0.0221483,0
7.16,0.0215338,0
7.165,0.020887,0
7.17,0.020209,0
7.175,0.0195011,0
7.18,0.0187644,0
7.185,0.0180003,0
7.19,0.0172101,0
7.195,0.0163951,0
7.2,0.0155567,0
7.205,0.0146963,0
7.21,0.0138154,0
7.215,0.0129154,0
7.22,0.0119979,0
7.225,0.0110643,0
7.23,0.0101163,0
7.235,0.00915531,0
7.24,0.008183,0
7.245,0.00720093,0
7.25,0.00621071,0
7.255,0.00521395,0
7.26,0.00421226,0
7.265,0.00320725,0
7.27,0.00220054,0
7.275,0.00119374,0
7.28,0.000188467,0
7.285,-0.000813687,0
7.29,-0.00181113,0
7.295,-0.00280229,0
7.3,-0.0037856,0
7.305,-0.00475952,0
7.31,-0.00572253,0
7.315,-0.00667312,0
7.32,-0.00760983,0
7.325,-0.0085312,0
7.33,-0.00943581,0
7.335,-0.0103223,0
7.34,-0.0111893,0
7.345,-0.0120354,0
7.35,-0.0128595,0
7.355,-0.0136602,0
7.36,-0.0144364,0
7.365,-0.015187,0
7.37,-0.0159107,0
7.375,-0.0166065,0
7.38,-0.0172735,0
7.385,-0.0179106,0
7.39,-0.018517,0
7.395,-0.0190918,0
7.4,-0.0196341,0
7.405,-0.0201432,0
7.41,-0.0206184,0
7.415,-0.0210591,0
7.42,-0.0214647,0
7.425,-0.0218347,0
7.43,-0.0221685,0
7.435,-0.0224658,0
7.44,-0.0227262,0
7.445,-0.0229495,0
7.45,-0.0231353,0
7.455,-0.0232836,0
7.46,-0.0233942,0
7.465,-0.0234671,0
7.47,-0.0235023,0
7.475,-0.0234999,0
7.48,-0.0234599,0
7.485,-0.0233826,0
7.49,-0.0232683,0
7.495,-0.0231172,0
7.5,-0.0229297,0
7.505,-0.0227063,0
7.51,-0.0224474,0
7.515,-0.0221535,0
7.52,-0.0218252,0
7.525,-0.0214632,0
7.53,-0.0210682,0
7.535,-0.0206409,0
7.54,-0.0201821,0
7.545,-0.0196927,0
7.55,-0.0191735,0
7.555,-0.0186254,0
7.56,-0.0180495,0
7.565,-0.0174467,0
7.57,-0.0168181,0
7.575,-0.0161648,0
7.58,-0.0154879,0
7.585,-0.0147886,0
7.59,-0.0140681,0
7.595,-0.0133276,0
7.6,-0.0125683,0
7.605,-0.0117915,0
7.61,-0.0109986,0
7.615,-0.0101908,0
7.62,-0.00936948,0
7.625,-0.00853599,0
7.63,-0.00769172,0
7.635,-0.00683804,0
7.64,-0.00597636,0
7.645,-0.00510806,0
7.65,-0.00423456,0
7.655,-0.00335728,0
7.66,-0.00247763,0
7.665,-0.00159701,0
7.67,-0.000716842,0
7.675,0.000161475,0
7.68,0.00103655,0
7.685,0.00190698,0
7.69,0.00277141,0
7.695,0.00362848,0
7.7,0.00447683,0
7.705,0.00531515,0
7.71,0.00614213,0
7.715,0.00695649,0
7.72,0.00775698,0
7.725,0.00854236,0
7.73,0.00931142,0
7.735,0.010063,0
7.74,0.010796,0
7.745,0.0115092,0
7.75,0.0122016,0
7.755,0.0128722,0
7.76,0.01352,0
7.765,0.014144,0
7.77,0.0147433,0
7.775,0.015317,0
7.78,0.0158642,0
7.785,0.0163844,0
7.79,0.0168765,0
7.795,0.0173401,0
7.8,0.0177744,0
7.805,0.0181789,0
7.81,0.0185529,0
7.815,0.0188961,0
7.82,0.0192079,0
7.825,0.019488,0
7.83,0.0197361,0
7.835,0.0199518,0
7.84,0.0201349,0
7.845,0.0202852,0
7.85,0.0204027,0
7.855,0.0204871,0
7.86,0.0205386,0
7.865,0.0205572,0
7.87,0.0205428,0
7.875,0.0204957,0
7.88,0.020416,0
7.885,0.0203041,0
7.89,0.02016,0
7.895,0.0199843,0
7.9,0.0197773,0
7.905,0.0195394,0
7.91,0.0192712,0
7.915,0.0189731,0
7.92,0.0186457,0
7.925,0.0182897,0
7.93,0.0179056,0
7.935,0.0174943,0
7.94,0.0170565,0
7.945,0.0165929,0
7.95,0.0161045,0
7.955,0.0155919,0
7.96,0.0150563,0
7.965,0.0144984,0
7.97,0.0139193,0
7.975,0.0133199,0
7.98,0.0127013,0
7.985,0.0120645,0
7.99,0.0114107,0
7.995,0.0107408,0
8,0.0100561,0
8.005,0.00935765,0
8.01,0.00864665,0
8.015,0.00792426,0
8.02,0.00719168,0
8.025,0.00645012,0
8.03,0.00570078,0
8.035,0.00494489,0
8.04,0.00418369,0
8.045,0.00341839,0
8.05,0.00265024,0
8.055,0.00188048,0
8.06,0.00111033,0
8.065,0.00034103,0
8.07,-0.000426194,0
8.075,-0.00119013,0
8.08,-0.00194956,0
8.085,-0.00270329,0
8.09,-0.00345015,0
8.095,-0.00418895,0
8.1,-0.00491856,0
8.105,-0.00563782,0
8.11,-0.00634564,0
8.115,-0.00704092,0
8.12,-0.0077226,0
8.125,-0.00838962,0
8.13,-0.00904099,0
8.135,-0.0096757,0
8.14,-0.0102928,0
8.145,-0.0108914,0
8.15,-0.0114705,0
8.155,-0.0120294,0
8.16,-0.0125672,0
8.165,-0.013083,0
8.17,-0.0135763,0
8.175,-0.0140461,0
8.18,-0.014492,0
8.185,-0.0149132,0
8.19,-0.0153092,0
8.195,-0.0156793,0
8.2,-0.0160232,0
8.205,-0.0163404,0
8.21,-0.0166303,0
8.215,-0.0168928,0
8.22,-0.0171273,0
8.225,-0.0173338,0
8.23,-0.0175118,0
8.235,-0.0176613,0
8.24,-0.0177821,0
8.245,-0.0178741,0
8.25,-0.0179373,0
8.255,-0.0179716,0
8.26,-0.0179771,0
8.265,-0.0179539,0
8.27,-0.017902,0
8.275,-0.0178218,0
8.28,-0.0177135,0
8.285,-0.0175772,0
8.29,-0.0174133,0
8.295,-0.0172222,0
8.3,-0.0170042,0
8.305,-0.0167598,0
8.31,-0.0164895,0
8.315,-0.0161938,0
8.32,-0.0158733,0
8.325,-0.0155285,0
8.33,-0.0151601,0
8.335,-0.0147687,0
8.34,-0.0143551,0
8.345,-0.01392,0
8.35,-0.0134642,0
8.355,-0.0129884,0
8.36,-0.0124935,0
8.365,-0.0119803,0
8.37,-0.0114497,0
8.375,-0.0109027,0
8.38,-0.0103402,0
8.385,-0.00976301,0
8.39,-0.00917223,0
8.395,-0.00856883,0
8.4,-0.0079538,0
8.405,-0.00732816,0
8.41,-0.00669296,0
8.415,-0.00604923,0
8.42,-0.00539804,0
8.425,-0.00474045,0
8.43,-0.00407752,0
8.435,-0.00341035,0
8.44,-0.00274,0
8.445,-0.00206756,0
8.45,-0.00139411,0
8.455,-0.00072072,0
8.46,-4.8475e-05,0
8.465,0.000621559,0
8.47,0.00128832,0
8.475,0.00195076,0
8.48,0.00260782,0
8.485,0.00325849,0
8.49,0.00390174,0
8.495,0.00453657,0
8.5,0.005162,0
8.505,0.00577706,0
8.51,0.00638081,0
8.515,0.00697231,0
8.52,0.00755067,0
8.525,0.00811501,0
8.53,0.00866447,0
8.535,0.00919823,0
8.54,0.00971549,0
8.545,0.0102155,0
8.55,0.0106975,0
8.555,0.0111607,0
8.56,0.0116046,0
8.565,0.0120284,0
8.57,0.0124316,0
8.575,0.0128136,0
8.58,0.0131738,0
8.585,0.0135118,0
8.59,0.013827,0
8.595,0.0141191,0
8.6,0.0143877,0
8.605,0.0146323,0
8.61,0.0148528,0
8.615,0.0150488,0
8.62,0.0152202,0
8.625,0.0153666,0
8.63,0.015488,0
8.635,0.0155843,0
8.64,0.0156554,0
8.645,0.0157013,0
8.65,0.0157219,0
8.655,0.0157173,0
8.66,0.0156877,0
8.665,0.0156332,0
8.67,0.0155538,0
8.675,0.0154499,0
8.68,0.0153217,0
8.685,0.0151695,0
8.69,0.0149936,0
8.695,0.0147943,0
8.7,0.0145721,0
8.705,0.0143274,0
8.71,0.0140607,0
8.715,0.0137724,0
8.72,0.0134631,0
8.725,0.0131334,0
8.73,0.0127838,0
8.735,0.012415,0
8.74,0.0120277,0
8.745,0.0116224,0
8.75,0.0112,0
8.755,0.0107612,0
8.76,0.0103066,0
8.765,0.00983719,0
8.77,0.00935364,0
8.775,0.0088568,0
8.78,0.00834752,0
8.785,0.00782665,0
8.79,0.00729505,0
8.795,0.00675362,0
8.8,0.00620325,0
8.805,0.00564485,0
8.81,0.00507934,0
8.815,0.00450764,0
8.82,0.0039307,0
8.825,0.00334944,0
8.83,0.00276481,0
8.835,0.00217777,0
8.84,0.00158924,0
8.845,0.00100018,0
8.85,0.000411525,0
8.855,-0.000175781,0
8.86,-0.000760807,0
8.865,-0.00134263,0
8.87,-0.00192033,0
8.875,-0.00249299,0
8.88,-0.00305973,0
8.885,-0.00361965,0
8.89,-0.00417189,0
8.895,-0.00471559,0
8.9,-0.00524991,0
8.905,-0.00577403,0
8.91,-0.00628715,0
8.915,-0.00678849,0
8.92,-0.00727728,0
8.925,-0.00775279,0
8.93,-0.00821431,0
8.935,-0.00866115,0
8.94,-0.00909263,0
8.945,-0.00950813,0
8.95,-0.00990704,0
8.955,-0.0102888,0
8.96,-0.0106528,0
8.965,-0.0109986,0
8.97,-0.0113256,0
8.975,-0.0116334,0
8.98,-0.0119217,0
8.985,-0.0121899,0
8.99,-0.0124377,0
8.995,-0.0126648,0
9,-0.012871,0
9.005,-0.0130559,0
9.01,-0.0132193,0
9.015,-0.0133611,0
9.02,-0.013481,0
9.025,-0.0135791,0
9.03,-0.0136551,0
9.035,-0.013709,0
9.04,-0.0137409,0
9.045,-0.0137508,0
9.05,-0.0137386,0
9.055,-0.0137046,0
9.06,-0.0136488,0
9.065,-0.0135714,0
9.07,-0.0134726,0
9.075,-0.0133527,0
9.08,-0.0132118,0
9.085,-0.0130503,0
9.09,-0.0128685,0
9.095,-0.0126668,0
9.1,-0.0124456,0
9.105,-0.0122053,0
9.11,-0.0119463,0
9.115,-0.0116691,0
9.12,-0.0113742,0
9.125,-0.0110622,0
9.13,-0.0107335,0
9.135,-0.0103889,0
9.14,-0.0100288,0
9.145,-0.00965397,0
9.15,-0.00926499,0
9.155,-0.00886255,0
9.16,-0.00844732,0
9.165,-0.00802003,0
9.17,-0.00758138,0
9.175,-0.00713213,0
9.18,-0.00667302,0
9.185,-0.00620482,0
9.19,-0.00572831,0
9.195,-0.00524427,0
9.2,-0.00475351,0
9.205,-0.00425683,0
9.21,-0.00375505,0
9.215,-0.00324898,0
9.22,-0.00273945,0
9.225,-0.00222728,0
9.23,-0.00171329,0
9.235,-0.00119832,0
9.24,-0.000683193,0
9.245,-0.000168725,0
9.25,0.000344261,0
9.255,0.000854951,0
9.26,0.00136254,0
9.265,0.00186622,0
9.27,0.00236521,0
9.275,0.00285873,0
9.28,0.003346,0
9.285,0.00382628,0
9.29,0.00429881,0
9.295,0.00476287,0
9.3,0.00521775,0
9.305,0.00566274,0
9.31,0.00609719,0
9.315,0.00652042,0
9.32,0.00693181,0
9.325,0.00733072,0
9.33,0.00771658,0
9.335,0.0080888,0
9.34,0.00844685,0
9.345,0.00879019,0
9.35,0.00911833,0
9.355,0.0094308,0
9.36,0.00972715,0
9.365,0.010007,0
9.37,0.0102698,0
9.375,0.0105154,0
9.38,0.0107434,0
9.385,0.0109535,0
9.39,0.0111453,0
9.395,0.0113187,0
9.4,0.0114735,0
9.405,0.0116094,0
9.41,0.0117263,0
9.415,0.011824,0
9.42,0.0119026,0
9.425,0.0119619,0
9.43,0.0120019,0
9.435,0.0120227,0
9.44,0.0120241,0
9.445,0.0120064,0
9.45,0.0119695,0
9.455,0.0119137,0
9.46,0.011839,0
9.465,0.0117457,0
9.47,0.011634,0
9.475,0.011504,0
9.48,0.0113562,0
9.485,0.0111907,0
9.49,0.0110079,0
9.495,0.0108082,0
9.5,0.0105919,0
9.505,0.0103594,0
9.51,0.0101111,0
9.515,0.00984762,0
9.52,0.00956928,0
9.525,0.0092766,0
9.53,0.00897011,0
9.535,0.00865034,0
9.54,0.00831786,0
9.545,0.00797323,0
9.55,0.00761704,0
9.555,0.0072499,0
9.56,0.00687244,0
9.565,0.0064853,0
9.57,0.00608912,0
9.575,0.00568456,0
9.58,0.00527231,0
9.585,0.00485305,0
9.59,0.00442746,0
9.595,0.00399626,0
9.6,0.00356014,0
9.605,0.00311983,0
9.61,0.00267603,0
9.615,0.00222947,0
9.62,0.00178088,0
9.625,0.00133096,0
9.63,0.000880455,0
9.635,0.000430076,0
9.64,-1.94561e-05,0
9.645,-0.000467428,0
9.65,-0.000913128,0
9.655,-0.00135585,0
9.66,-0.00179491,0
9.665,-0.0022296,0
9.67,-0.00265926,0
9.675,-0.00308321,0
9.68,-0.00350079,0
9.685,-0.00391136,0
9.69,-0.0043143,0
9.695,-0.00470897,0
9.7,-0.00509478,0
9.705,-0.00547115,0
9.71,-0.0058375,0
9.715,-0.00619329,0
9.72,-0.00653797,0
9.725,-0.00687105,0
9.73,-0.00719203,0
9.735,-0.00750043,0
9.74,-0.00779581,0
9.745,-0.00807774,0
9.75,-0.00834581,0
9.755,-0.00859965,0
9.76,-0.00883889,0
9.765,-0.00906321,0
9.77,-0.0092723,0
9.775,-0.00946588,0
9.78,-0.00964368,0
9.785,-0.00980549,0
9.79,-0.00995109,0
9.795,-0.0100803,0
9.8,-0.010193,0
9.805,-0.010289,0
9.81,-0.0103683,0
9.815,-0.0104308,0
9.82,-0.0104764,0
9.825,-0.0105051,0
9.83,-0.0105169,0
9.835,-0.0105119,0
9.84,-0.0104902,0
9.845,-0.0104518,0
9.85,-0.0103968,0
9.855,-0.0103254,0
9.86,-0.0102378,0
9.865,-0.0101341,0
9.87,-0.0100146,0
9.875,-0.00987958,0
9.88,-0.00972919,0
9.885,-0.00956379,0
9.89,-0.00938368,0
9.895,-0.0091892,0
9.9,-0.00898072,0
9.905,-0.00875861,0
9.91,-0.00852327,0
9.915,-0.00827513,0
9.92,-0.00801462,0
9.925,-0.00774221,0
9.93,-0.00745836,0
9.935,-0.00716357,0
9.94,-0.00685835,0
9.945,-0.00654322,0
9.95,-0.00621872,0
9.955,-0.0058854,0
9.96,-0.00554381,0
9.965,-0.00519454,0
9.97,-0.00483816,0
9.975,-0.00447527,0
9.98,-0.00410647,0
9.985,-0.00373238,0
9.99,-0.00335359,0
9.995,-0.00297075,0
10,-0.00258446,0
10.005,-0.00219536,0
10.01,-0.00180409,0
10.015,-0.00141126,0
10.02,-0.00101752,0
10.025,-0.000623495,0
10.03,-0.000229815,0
10.035,0.000162891,0
10.04,0.000554001,0
10.045,0.000942896,0
10.05,0.00132896,0
10.055,0.00171159,0
10.06,0.00209019,0
10.065,0.00246416,0
10.07,0.00283292,0
10.075,0.00319591,0
10.08,0.00355255,0
10.085,0.00390232,0
10.09,0.00424466,0
10.095,0.00457906,0
10.1,0.00490502,0
10.105,0.00522203,0
10.11,0.00552963,0
10.115,0.00582736,0
10.12,0.00611476,0
10.125,0.00639143,0
10.13,0.00665696,0
10.135,0.00691095,0
10.14,0.00715305,0
10.145,0.0073829,0
10.15,0.00760019,0
10.155,0.0078046,0
10.16,0.00799586,0
10.165,0.0081737,0
10.17,0.00833789,0
10.175,0.00848821,0
10.18,0.00862447,0
10.185,0.00874649,0
10.19,0.00885414,0
10.195,0.00894729,0
10.2,0.00902583,0
10.205,0.00908971,0
10.21,0.00913885,0
10.215,0.00917324,0
10.22,0.00919286,0
10.225,0.00919774,0
10.23,0.00918793,0
10.235,0.00916348,0
10.24,0.00912448,0
10.245,0.00907105,0
10.25,0.00900333,0
10.255,0.00892146,0
10.26,0.00882562,0
10.265,0.00871603,0
10.27,0.00859289,0
10.275,0.00845646,0
10.28,0.00830698,0
10.285,0.00814476,0
10.29,0.00797009,0
10.295,0.00778329,0
10.3,0.0075847,0
10.305,0.00737467,0
10.31,0.00715359,0
10.315,0.00692184,0
10.32,0.00667983,0
10.325,0.00642798,0
10.33,0.00616673,0
10.335,0.00589652,0
10.34,0.00561782,0
10.345,0.0053311,0
10.35,0.00503684,0
10.355,0.00473555,0
10.36,0.00442772,0
10.365,0.00411387,0
10.37,0.00379452,0
10.375,0.0034702,0
10.38,0.00314144,0
10.385,0.00280879,0
10.39,0.00247279,0
10.395,0.00213398,0
10.4,0.00179292,0
10.405,0.00145016,0
10.41,0.00110624,0
10.415,0.000761739,0
10.42,0.00041719,0
10.425,7.31472e-05,0
10.43,-0.000269841,0
10.435,-0.000611231,0
10.44,-0.000950484,0
10.445,-0.00128706,0
10.45,-0.00162044,0
10.455,-0.0019501,0
10.46,-0.00227553,0
10.465,-0.00259621,0
10.47,-0.00291166,0
10.475,-0.00322138,0
10.48,-0.00352491,0
10.485,-0.00382178,0
10.49,-0.00411154,0
10.495,-0.00439375,0
10.5,-0.00466798,0
10.505,-0.00493383,0
10.51,-0.00519089,0
10.515,-0.0054388,0
10.52,-0.00567718,0
10.525,-0.00590568,0
10.53,-0.00612398,0
10.535,-0.00633176,0
10.54,-0.00652872,0
10.545,-0.0067146,0
10.55,-0.00688912,0
10.555,-0.00705205,0
10.56,-0.00720316,0
10.565,-0.00734226,0
10.57,-0.00746917,0
10.575,-0.00758373,0
10.58,-0.00768578,0
10.585,-0.00777522,0
10.59,-0.00785195,0
10.595,-0.00791587,0
10.6,-0.00796695,0
10.605,-0.00800513,0
10.61,-0.0080304,0
10.615,-0.00804277,0
10.62,-0.00804225,0
10.625,-0.0080289,0
10.63,-0.00800278,0
10.635,-0.00796397,0
10.64,-0.00791258,0
10.645,-0.00784873,0
10.65,-0.00777257,0
10.655,-0.00768426,0
10.66,-0.00758398,0
10.665,-0.00747194,0
10.67,-0.00734836,0
10.675,-0.00721346,0
10.68,-0.00706751,0
10.685,-0.00691077,0
10.69,-0.00674353,0
10.695,-0.00656609,0
10.7,-0.00637878,0
10.705,-0.00618192,0
10.71,-0.00597587,0
10.715,-0.00576097,0
10.72,-0.00553761,0
10.725,-0.00530617,0
10.73,-0.00506705,0
10.735,-0.00482065,0
10.74,-0.0045674,0
10.745,-0.00430771,0
10.75,-0.00404204,0
10.755,-0.00377081,0
10.76,-0.00349449,0
10.765,-0.00321353,0
10.77,-0.0029284,0
10.775,-0.00263956,0
10.78,-0.00234749,0
10.785,-0.00205267,0
10.79,-0.00175557,0
10.795,-0.00145669,0
10.8,-0.00115649,0
10.805,-0.000855473,0
10.81,-0.000554113,0
10.815,-0.000252894,0
10.82,4.77038e-05,0
10.825,0.000347202,0
10.83,0.000645127,0
10.835,0.000941008,0
10.84,0.00123438,0
10.845,0.00152478,0
10.85,0.00181176,0
10.855,0.00209487,0
10.86,0.00237368,0
10.865,0.00264774,0
10.87,0.00291665,0
10.875,0.00317998,0
10.88,0.00343734,0
10.885,0.00368834,0
10.89,0.00393259,0
10.895,0.00416974,0
10.9,0.00439942,0
10.905,0.0046213,0
10.91,0.00483505,0
10.915,0.00504035,0
10.92,0.0052369,0
10.925,0.00542442,0
10.93,0.00560265,0
10.935,0.00577133,0
10.94,0.00593022,0
10.945,0.0060791,0
10.95,0.00621777,0
10.955,0.00634604,0
10.96,0.00646375,0
10.965,0.00657074,0
10.97,0.00666687,0
10.975,0.00675203,0
10.98,0.00682613,0
10.985,0.00688907,0
10.99,0.0069408,0
10.995,0.00698128,0
11,0.00701047,0
11.005,0.00702838,0
11.01,0.007035,0
11.015,0.00703037,0
11.02,0.00701453,0
11.025,0.00698755,0
11.03,0.00694951,0
11.035,0.0069005,0
11.04,0.00684064,0
11.045,0.00677006,0
11.05,0.00668892,0
11.055,0.00659738,0
11.06,0.00649561,0
11.065,0.00638383,0
11.07,0.00626223,0
11.075,0.00613105,0
11.08,0.00599053,0
11.085,0.00584092,0
11.09,0.0056825,0
11.095,0.00551554,0
11.1,0.00534035,0
11.105,0.00515723,0
11.11,0.0049665,0
11.115,0.0047685,0
11.12,0.00456355,0
11.125,0.00435201,0
11.13,0.00413425,0
11.135,0.00391063,0
11.14,0.00368153,0
11.145,0.00344733,0
11.15,0.00320843,0
11.155,0.00296521,0
11.16,0.00271809,0
11.165,0.00246747,0
11.17,0.00221377,0
11.175,0.00195739,0
11.18,0.00169877,0
11.185,0.00143831,0
11.19,0.00117644,0
11.195,0.000913586,0
11.2,0.000650168,0
11.205,0.000386608,0
11.21,0.000123328,0
11.215,-0.000139253,0
11.22,-0.000400718,0
11.225,-0.000660653,0
11.23,-0.000918648,0
11.235,-0.0011743,0
11.24,-0.00142721,0
11.245,-0.00167697,0
11.25,-0.00192321,0
11.255,-0.00216554,0
11.26,-0.00240359,0
11.265,-0.002637,0
11.27,-0.0028654,0
11.275,-0.00308844,0
11.28,-0.0033058,0
11.285,-0.00351714,0
11.29,-0.00372215,0
11.295,-0.00392051,0
11.3,-0.00411195,0
11.305,-0.00429616,0
11.31,-0.00447289,0
11.315,-0.00464188,0
11.32,-0.00480289,0
11.325,-0.00495568,0
11.33,-0.00510003,0
11.335,-0.00523576,0
11.34,-0.00536266,0
11.345,-0.00548058,0
11.35,-0.00558934,0
11.355,-0.00568881,0
11.36,-0.00577886,0
11.365,-0.00585937,0
11.37,-0.00593026,0
11.375,-0.00599144,0
11.38,-0.00604285,0
11.385,-0.00608444,0
11.39,-0.00611617,0
11.395,-0.00613803,0
11.4,-0.00615002,0
11.405,-0.00615215,0
11.41,-0.00614445,0
11.415,-0.00612696,0
11.42,-0.00609976,0
11.425,-0.00606291,0
11.43,-0.00601651,0
11.435,-0.00596066,0
11.44,-0.00589549,0
11.445,-0.00582112,0
11.45,-0.00573772,0
11.455,-0.00564544,0
11.46,-0.00554446,0
11.465,-0.00543498,0
11.47,-0.00531719,0
11.475,-0.00519132,0
11.48,-0.00505758,0
11.485,-0.00491623,0
11.49,-0.00476751,0
11.495,-0.00461168,0
11.5,-0.00444903,0
11.505,-0.00427982,0
11.51,-0.00410436,0
11.515,-0.00392294,0
11.52,-0.00373588,0
11.525,-0.0035435,0
11.53,-0.00334611,0
11.535,-0.00314405,0
11.54,-0.00293765,0
11.545,-0.00272728,0
11.55,-0.00251326,0
11.555,-0.00229596,0
11.56,-0.00207573,0
11.565,-0.00185294,0
11.57,-0.00162795,0
11.575,-0.00140113,0
11.58,-0.00117285,0
11.585,-0.000943463,0
11.59,-0.000713355,0
11.595,-0.000482892,0
11.6,-0.000252442,0
11.605,-2.23733e-05,0
11.61,0.000206948,0
11.615,0.000435158,0
11.62,0.000661897,0
11.625,0.000886807,0
11.63,0.00110954,0
11.635,0.00132974,0
11.64,0.00154706,0
11.645,0.00176118,0
11.65,0.00197176,0
11.655,0.00217847,0
11.66,0.00238101,0
11.665,0.00257905,0
11.67,0.0027723,0
11.675,0.00296047,0
11.68,0.00314327,0
11.685,0.00332043,0
11.69,0.00349169,0
11.695,0.00365679,0
11.7,0.00381549,0
11.705,0.00396756,0
11.71,0.00411278,0
11.715,0.00425093,0
11.72,0.00438184,0
11.725,0.0045053,0
11.73,0.00462115,0
11.735,0.00472922,0
11.74,0.00482939,0
11.745,0.0049215,0
11.75,0.00500543,0
11.755,0.0050811,0
11.76,0.00514839,0
11.765,0.00520724,0
11.77,0.00525757,0
11.775,0.00529934,0
11.78,0.00533251,0
11.785,0.00535705,0
11.79,0.00537296,0
11.795,0.00538024,0
11.8,0.0053789,0
11.805,0.00536898,0
11.81,0.00535052,0
11.815,0.00532358,0
11.82,0.00528824,0
11.825,0.00524457,0
11.83,0.00519269,0
11.835,0.00513268,0
11.84,0.00506469,0
11.845,0.00498885,0
11.85,0.0049053,0
11.855,0.0048142,0
11.86,0.00471573,0
11.865,0.00461006,0
11.87,0.0044974,0
11.875,0.00437794,0
11.88,0.00425189,0
11.885,0.00411949,0
11.89,0.00398096,0
11.895,0.00383655,0
11.9,0.00368651,0
11.905,0.00353109,0
11.91,0.00337056,0
11.915,0.0032052,0
11.92,0.00303529,0
11.925,0.00286111,0
11.93,0.00268295,0
11.935,0.00250112,0
11.94,0.00231591,0
11.945,0.00212764,0
11.95,0.00193661,0
11.955,0.00174314,0
11.96,0.00154754,0
11.965,0.00135014,0
11.97,0.00115126,0
11.975,0.000951217,0
11.98,0.000750336,0
11.985,0.00054894,0
11.99,0.000347354,0
11.995,0.000145899,0
12,-5.51034e-05,0
12.005,-0.000255333,0
12.01,-0.000454474,0
12.015,-0.000652212,0
12.02,-0.000848235,0
12.025,-0.00104224,0
12.03,-0.00123392,0
12.035,-0.00142297,0
12.04,-0.00160911,0
12.045,-0.00179205,0
12.05,-0.0019715,0
12.055,-0.0021472,0
12.06,-0.00231887,0
12.065,-0.00248626,0
12.07,-0.0026491,0
12.075,-0.00280717,0
12.08,-0.00296021,0
12.085,-0.00310801,0
12.09,-0.00325034,0
12.095,-0.003387,0
12.1,-0.00351779,0
12.105,-0.00364251,0
12.11,-0.003761,0
12.115,-0.00387308,0
12.12,-0.0039786,0
12.125,-0.0040774,0
12.13,-0.00416936,0
12.135,-0.00425435,0
12.14,-0.00433226,0
12.145,-0.00440299,0
12.15,-0.00446645,0
12.155,-0.00452256,0
12.16,-0.00457127,0
12.165,-0.00461251,0
12.17,-0.00464624,0
12.175,-0.00467244,0
12.18,-0.0046911,0
12.185,-0.0047022,0
12.19,-0.00470576,0
12.195,-0.0047018,0
12.2,-0.00469034,0
12.205,-0.00467143,0
12.21,-0.00464513,0
12.215,-0.00461151,0
12.22,-0.00457064,0
12.225,-0.00452261,0
12.23,-0.00446752,0
12.235,-0.00440549,0
12.24,-0.00433664,0
12.245,-0.0042611,0
12.25,-0.00417901,0
12.255,-0.00409053,0
12.26,-0.00399583,0
12.265,-0.00389506,0
12.27,-0.00378843,0
12.275,-0.0036761,0
12.28,-0.00355829,0
12.285,-0.0034352,0
12.29,-0.00330705,0
12.295,-0.00317405,0
12.3,-0.00303644,0
12.305,-0.00289445,0
12.31,-0.00274833,0
12.315,-0.00259831,0
12.32,-0.00244465,0
12.325,-0.00228762,0
12.33,-0.00212747,0
12.335,-0.00196447,0
12.34,-0.00179888,0
12.345,-0.00163099,0
12.35,-0.00146107,0
12.355,-0.00128939,0
12.36,-0.00111624,0
12.365,-0.000941891,0
12.37,-0.000766636,0
12.375,-0.000590753,0
12.38,-0.000414526,0
12.385,-0.000238237,0
12.39,-6.21683e-05,0
12.395,0.000113401,0
12.4,0.000288191,0
12.405,0.000461927,0
12.41,0.000634333,0
12.415,0.000805141,0
12.42,0.000974081,0
12.425,0.00114089,0
12.43,0.00130531,0
12.435,0.00146709,0
12.44,0.00162598,0
12.445,0.00178173,0
12.45,0.0019341,0
12.455,0.00208287,0
12.46,0.00222781,0
12.465,0.00236869,0
12.47,0.00250532,0
12.475,0.00263748,0
12.48,0.00276498,0
12.485,0.00288764,0
12.49,0.00300526,0
12.495,0.00311769,0
12.5,0.00322476,0
12.505,0.00332632,0
12.51,0.00342222,0
12.515,0.00351233,0
12.52,0.00359653,0
12.525,0.0036747,0
12.53,0.00374674,0
12.535,0.00381255,0
12.54,0.00387205,0
12.545,0.00392516,0
12.55,0.00397183,0
12.555,0.00401201,0
12.56,0.00404564,0
12.565,0.00407269,0
12.57,0.00409315,0
12.575,0.00410701,0
12.58,0.00411427,0
12.585,0.00411493,0
12.59,0.00410902,0
12.595,0.00409658,0
12.6,0.00407763,0
12.605,0.00405224,0
12.61,0.00402047,0
12.615,0.00398239,0
12.62,0.00393808,0
12.625,0.00388763,0
12.63,0.00383115,0
12.635,0.00376874,0
12.64,0.00370054,0
12.645,0.00362665,0
12.65,0.00354723,0
12.655,0.00346242,0
12.66,0.00337236,0
12.665,0.00327723,0
12.67,0.0031772,0
12.675,0.00307243,0
12.68,0.00296311,0
12.685,0.00284944,0
12.69,0.0027316,0
12.695,0.0026098,0
12.7,0.00248425,0
12.705,0.00235517,0
12.71,0.00222276,0
12.715,0.00208725,0
12.72,0.00194888,0
12.725,0.00180786,0
12.73,0.00166444,0
12.735,0.00151885,0
12.74,0.00137133,0
12.745,0.00122212,0
12.75,0.00107147,0
12.755,0.000919621,0
12.76,0.000766822,0
12.765,0.000613319,0
12.77,0.000459359,0
12.775,0.000305189,0
12.78,0.000151058,0
12.785,-2.79061e-06,0
12.79,-0.000156111,0
12.795,-0.00030866,0
12.8,-0.000460197,0
12.805,-0.000610484,0
12.81,-0.000759285,0
12.815,-0.000906367,0
12.82,-0.0010515,0
12.825,-0.00119446,0
12.83,-0.00133503,0
12.835,-0.00147299,0
12.84,-0.00160813,0
12.845,-0.00174024,0
12.85,-0.00186912,0
12.855,-0.00199458,0
12.86,-0.00211643,0
12.865,-0.00223449,0
12.87,-0.00234858,0
12.875,-0.00245853,0
12.88,-0.00256418,0
12.885,-0.00266537,0
12.89,-0.00276197,0
12.895,-0.00285383,0
12.9,-0.00294083,0
12.905,-0.00302283,0
12.91,-0.00309972,0
12.915,-0.00317141,0
12.92,-0.00323779,0
12.925,-0.00329877,0
12.93,-0.00335429,0
12.935,-0.00340425,0
12.94,-0.00344862,0
12.945,-0.00348732,0
12.95,-0.00352033,0
12.955,-0.00354761,0
12.96,-0.00356913,0
12.965,-0.00358488,0
12.97,-0.00359485,0
12.975,-0.00359905,0
12.98,-0.00359749,0
12.985,-0.00359019,0
12.99,-0.00357719,0
12.995,-0.00355852,0
13,-0.00353423,0
13.005,-0.00350438,0
13.01,-0.00346904,0
13.015,-0.00342829,0
13.02,-0.00338219,0
13.025,-0.00333086,0
13.03,-0.00327438,0
13.035,-0.00321287,0
13.04,-0.00314644,0
13.045,-0.00307522,0
13.05,-0.00299932,0
13.055,-0.0029189,0
13.06,-0.00283409,0
13.065,-0.00274504,0
13.07,-0.00265192,0
13.075,-0.00255488,0
13.08,-0.00245409,0
13.085,-0.00234972,0
13.09,-0.00224196,0
13.095,-0.00213099,0
13.1,-0.00201699,0
13.105,-0.00190017,0
13.11,-0.0017807,0
13.115,-0.0016588,0
13.12,-0.00153467,0
13.125,-0.00140851,0
13.13,-0.00128053,0
13.135,-0.00115094,0
13.14,-0.00101996,0
13.145,-0.000887789,0
13.15,-0.000754655,0
13.155,-0.000620769,0
13.16,-0.000486348,0
13.165,-0.000351608,0
13.17,-0.000216765,0
13.175,-8.20356e-05,0
13.18,5.23666e-05,0
13.185,0.000186228,0
13.19,0.000319336,0
13.195,0.000451481,0
13.2,0.000582456,0
13.205,0.000712056,0
13.21,0.000840077,0
13.215,0.000966322,0
13.22,0.00109059,0
13.225,0.0012127,0
13.23,0.00133246,0
13.235,0.00144968,0
13.24,0.00156419,0
13.245,0.00167581,0
13.25,0.00178438,0
13.255,0.00188973,0
13.26,0.0019917,0
13.265,0.00209015,0
13.27,0.00218492,0
13.275,0.00227589,0
13.28,0.00236291,0
13.285,0.00244586,0
13.29,0.00252463,0
13.295,0.0025991,0
13.3,0.00266917,0
13.305,0.00273473,0
13.31,0.00279571,0
13.315,0.00285202,0
13.32,0.00290358,0
13.325,0.00295033,0
13.33,0.00299221,0
13.335,0.00302918,0
13.34,0.00306118,0
13.345,0.00308819,0
13.35,0.00311017,0
13.355,0.00312711,0
13.36,0.00313901,0
13.365,0.00314585,0
13.37,0.00314765,0
13.375,0.00314442,0
13.38,0.00313618,0
13.385,0.00312296,0
13.39,0.0031048,0
13.395,0.00308174,0
13.4,0.00305384,0
13.405,0.00302117,0
13.41,0.00298378,0
13.415,0.00294176,0
13.42,0.00289518,0
13.425,0.00284414,0
13.43,0.00278873,0
13.435,0.00272906,0
13.44,0.00266524,0
13.445,0.00259738,0
13.45,0.0025256,0
13.455,0.00245004,0
13.46,0.00237082,0
13.465,0.00228808,0
13.47,0.00220198,0
13.475,0.00211265,0
13.48,0.00202026,0
13.485,0.00192495,0
13.49,0.0018269,0
13.495,0.00172626,0
13.5,0.00162321,0
13.505,0.00151792,0
13.51,0.00141057,0
13.515,0.00130132,0
13.52,0.00119038,0
13.525,0.00107791,0
13.53,0.000964098,0
13.535,0.000849139,0
13.54,0.000733215,0
13.545,0.000616515,0
13.55,0.000499228,0
13.555,0.000381543,0
13.56,0.00026365,0
13.565,0.000145737,0
13.57,2.79929e-05,0
13.575,-8.93952e-05,0
13.58,-0.000206241,0
13.585,-0.00032236,0
13.59,-0.000437569,0
13.595,-0.000551687,0
13.6,-0.000664537,0
13.605,-0.000775941,0
13.61,-0.000885727,0
13.615,-0.000993726,0
13.62,-0.00109977,0
13.625,-0.0012037,0
13.63,-0.00130535,0
13.635,-0.00140458,0
13.64,-0.00150122,0
13.645,-0.00159514,0
13.65,-0.00168619,0
13.655,-0.00177424,0
13.66,-0.00185916,0
13.665,-0.00194082,0
13.67,-0.0020191,0
13.675,-0.0020939,0
13.68,-0.00216509,0
13.685,-0.00223259,0
13.69,-0.0022963,0
13.695,-0.00235612,0
13.7,-0.00241198,0
13.705,-0.0024638,0
13.71,-0.00251151,0
13.715,-0.00255504,0
13.72,-0.00259435,0
13.725,-0.00262938,0
13.73,-0.0026601,0
13.735,-0.00268647,0
13.74,-0.00270846,0
13.745,-0.00272604,0
13.75,-0.00273922,0
13.755,-0.00274798,0
13.76,-0.00275233,0
13.765,-0.00275226,0
13.77,-0.0027478,0
13.775,-0.00273897,0
13.78,-0.0027258,0
13.785,-0.00270832,0
13.79,-0.00268658,0
13.795,-0.00266062,0
13.8,-0.0026305,0
13.805,-0.00259629,0
13.81,-0.00255805,0
13.815,-0.00251585,0
13.82,-0.00246978,0
13.825,-0.00241993,0
13.83,-0.00236638,0
13.835,-0.00230924,0
13.84,-0.0022486,0
13.845,-0.00218459,0
13.85,-0.0021173,0
13.855,-0.00204686,0
13.86,-0.00197339,0
13.865,-0.00189703,0
13.87,-0.00181789,0
13.875,-0.00173613,0
13.88,-0.00165187,0
13.885,-0.00156525,0
13.89,-0.00147644,0
13.895,-0.00138557,0
13.9,-0.0012928,0
13.905,-0.00119828,0
13.91,-0.00110217,0
13.915,-0.00100462,0
13.92,-0.000905807,0
13.925,-0.000805882,0
13.93,-0.00070501,0
13.935,-0.000603356,0
13.94,-0.000501085,0
13.945,-0.000398363,0
13.95,-0.000295354,0
13.955,-0.000192224,0
13.96,-8.91381e-05,0
13.965,1.37391e-05,0
13.97,0.000116244,0
13.975,0.000218215,0
13.98,0.00031949,0
13.985,0.000419911,0
13.99,0.000519319,0
13.995,0.00061756,0
14,0.000714481,0
14.005,0.000809931,0
14.01,0.000903763,0
14.015,0.000995834,0
14.02,0.001086,0
14.025,0.00117413,0
14.03,0.00126008,0
14.035,0.00134373,0
14.04,0.00142495,0
14.045,0.00150361,0
14.05,0.00157961,0
14.055,0.00165283,0
14.06,0.00172316,0
14.065,0.0017905,0
14.07,0.00185476,0
14.075,0.00191583,0
14.08,0.00197364,0
14.085,0.0020281,0
14.09,0.00207914,0
14.095,0.00212668,0
14.1,0.00217067,0
14.105,0.00221104,0
14.11,0.00224775,0
14.115,0.00228074,0
14.12,0.00230998,0
14.125,0.00233543,0
14.13,0.00235707,0
14.135,0.00237487,0
14.14,0.00238882,0
14.145,0.0023989,0
14.15,0.00240513,0
14.155,0.00240749,0
14.16,0.002406,0
14.165,0.00240068,0
14.17,0.00239154,0
14.175,0.00237862,0
14.18,0.00236194,0
14.185,0.00234155,0
14.19,0.00231749,0
14.195,0.00228981,0
14.2,0.00225857,0
14.205,0.00222383,0
14.21,0.00218566,0
14.215,0.00214413,0
14.22,0.00209932,0
14.225,0.00205131,0
14.23,0.00200019,0
14.235,0.00194605,0
14.24,0.00188899,0
14.245,0.00182911,0
14.25,0.00176651,0
14.255,0.0017013,0
14.26,0.0016336,0
14.265,0.00156352,0
14.27,0.00149119,0
14.275,0.00141672,0
14.28,0.00134024,0
14.285,0.00126188,0
14.29,0.00118178,0
14.295,0.00110006,0
14.3,0.00101686,0
14.305,0.000932323,0
14.31,0.000846586,0
14.315,0.000759788,0
14.32,0.000672074,0
14.325,0.000583585,0
14.33,0.000494465,0
14.335,0.00040486,0
14.34,0.000314913,0
14.345,0.00022477,0
14.35,0.000134574,0
14.355,4.4471e-05,0
14.36,-4.53965e-05,0
14.365,-0.000134886,0
14.37,-0.000223855,0
14.375,-0.000312164,0
14.38,-0.000399674,0
14.385,-0.000486249,0
14.39,-0.000571752,0
14.395,-0.000656052,0
14.4,-0.000739017,0
14.405,-0.00082052,0
14.41,-0.000900437,0
14.415,-0.000978643,0
14.42,-0.00105502,0
14.425,-0.00112946,0
14.43,-0.00120183,0
14.435,-0.00127205,0
14.44,-0.00133999,0
14.445,-0.00140556,0
14.45,-0.00146867,0
14.455,-0.00152921,0
14.46,-0.00158711,0
14.465,-0.00164228,0
14.47,-0.00169464,0
14.475,-0.00174411,0
14.48,-0.00179064,0
14.485,-0.00183414,0
14.49,-0.00187457,0
14.495,-0.00191187,0
14.5,-0.00194599,0
14.505,-0.00197689,0
14.51,-0.00200453,0
14.515,-0.00202887,0
14.52,-0.00204989,0
14.525,-0.00206757,0
14.53,-0.00208189,0
14.535,-0.00209283,0
14.54,-0.0021004,0
14.545,-0.00210458,0
14.55,-0.0021054,0
14.555,-0.00210285,0
14.56,-0.00209695,0
14.565,-0.00208772,0
14.57,-0.00207519,0
14.575,-0.0020594,0
14.58,-0.00204036,0
14.585,-0.00201814,0
14.59,-0.00199277,0
14.595,-0.00196431,0
14.6,-0.0019328,0
14.605,-0.00189832,0
14.61,-0.00186092,0
14.615,-0.00182069,0
14.62,-0.00177768,0
14.625,-0.00173198,0
14.63,-0.00168367,0
14.635,-0.00163284,0
14.64,-0.00157957,0
14.645,-0.00152397,0
14.65,-0.00146612,0
14.655,-0.00140612,0
14.66,-0.00134409,0
14.665,-0.00128012,0
14.67,-0.00121433,0
14.675,-0.00114682,0
14.68,-0.00107771,0
14.685,-0.00100711,0
14.69,-0.00093515,0
14.695,-0.00086194,0
14.7,-0.000787603,0
14.705,-0.000712262,0
14.71,-0.00063604,0
14.715,-0.000559062,0
14.72,-0.000481453,0
14.725,-0.00040334,0
14.73,-0.00032485,0
14.735,-0.000246107,0
14.74,-0.00016724,0
14.745,-8.83745e-05,0
14.75,-9.63617e-06,0
14.755,6.88496e-05,0
14.76,0.000146958,0
14.765,0.000224566,0
14.77,0.000301552,0
14.775,0.000377794,0
14.78,0.000453174,0
14.785,0.000527573,0
14.79,0.000600877,0
14.795,0.000672973,0
14.8,0.000743748,0
14.805,0.000813096,0
14.81,0.000880909,0
14.815,0.000947086,0
14.82,0.00101153,0
14.825,0.00107413,0
14.83,0.00113481,0
14.835,0.00119347,0
14.84,0.00125002,0
14.845,0.00130439,0
14.85,0.00135649,0
14.855,0.00140624,0
14.86,0.00145358,0
14.865,0.00149845,0
14.87,0.00154076,0
14.875,0.00158047,0
14.88,0.00161753,0
14.885,0.00165187,0
14.89,0.00168346,0
14.895,0.00171226,0
14.9,0.00173823,0
14.905,0.00176133,0
14.91,0.00178154,0
14.915,0.00179884,0
14.92,0.00181321,0
14.925,0.00182463,0
14.93,0.0018331,0
14.935,0.00183862,0
14.94,0.00184119,0
14.945,0.0018408,0
14.95,0.00183748,0
14.955,0.00183124,0
14.96,0.00182209,0
14.965,0.00181007,0
14.97,0.0017952,0
14.975,0.00177751,0
14.98,0.00175705,0
14.985,0.00173385,0
14.99,0.00170796,0
14.995,0.00167943,0
15,0.00164832,0
15.005,0.00161468,0
15.01,0.00157859,0
15.015,0.00154009,0
15.02,0.00149926,0
15.025,0.00145619,0
15.03,0.00141093,0
15.035,0.00136358,0
15.04,0.0013142,0
15.045,0.0012629,0
15.05,0.00120976,0
15.055,0.00115487,0
15.06,0.00109832,0
15.065,0.00104021,0
15.07,0.00098064,0
15.075,0.000919704,0
15.08,0.000857508,0
15.085,0.000794155,0
15.09,0.00072975,0
15.095,0.000664398,0
15.1,0.000598209,0
15.105,0.00053129,0
15.11,0.000463751,0
15.115,0.000395701,0
15.12,0.000327251,0
15.125,0.000258512,0
15.13,0.000189593,0
15.135,0.000120607,0
15.14,5.16634e-05,0
15.145,-1.71283e-05,0
15.15,-8.56585e-05,0
15.155,-0.000153819,0
15.16,-0.000221501,0
15.165,-0.0002886,0
15.17,-0.00035501,0
15.175,-0.000420627,0
15.18,-0.000485349,0
15.185,-0.000549076,0
15.19,-0.000611709,0
15.195,-0.000673153,0
15.2,-0.000733313,0
15.205,-0.000792098,0
15.21,-0.000849418,0
15.215,-0.000905187,0
15.22,-0.000959321,0
15.225,-0.00101174,0
15.23,-0.00106236,0
15.235,-0.00111112,0
15.24,-0.00115794,0
15.245,-0.00120275,0
15.25,-0.00124548,0
15.255,-0.00128609,0
15.26,-0.0013245,0
15.265,-0.00136067,0
15.27,-0.00139454,0
15.275,-0.00142607,0
15.28,-0.00145521,0
15.285,-0.00148194,0
15.29,-0.0015062,0
15.295,-0.00152798,0
15.3,-0.00154725,0
15.305,-0.00156398,0
15.31,-0.00157816,0
15.315,-0.00158977,0
15.32,-0.0015988,0
15.325,-0.00160525,0
15.33,-0.00160911,0
15.335,-0.0016104,0
15.34,-0.0016091,0
15.345,-0.00160525,0
15.35,-0.00159884,0
15.355,-0.0015899,0
15.36,-0.00157846,0
15.365,-0.00156453,0
15.37,-0.00154816,0
15.375,-0.00152937,0
15.38,-0.0015082,0
15.385,-0.0014847,0
15.39,-0.0014589,0
15.395,-0.00143087,0
15.4,-0.00140064,0
15.405,-0.00136828,0
15.41,-0.00133385,0
15.415,-0.00129741,0
15.42,-0.00125902,0
15.425,-0.00121875,0
15.43,-0.00117667,0
15.435,-0.00113286,0
15.44,-0.00108738,0
15.445,-0.00104033,0
15.45,-0.000991774,0
15.455,-0.000941802,0
15.46,-0.000890496,0
15.465,-0.000837943,0
15.47,-0.000784231,0
15.475,-0.00072945,0
15.48,-0.000673691,0
15.485,-0.000617046,0
15.49,-0.000559609,0
15.495,-0.000501475,0
15.5,-0.000442737,0
15.505,-0.000383493,0
15.51,-0.000323838,0
15.515,-0.000263869,0
15.52,-0.000203683,0
15.525,-0.000143377,0
15.53,-8.30474e-05,0
15.535,-2.27904e-05,0
15.54,3.72979e-05,0
15.545,9.71222e-05,0
15.55,0.000156588,0
15.555,0.000215601,0
15.56,0.000274069,0
15.565,0.000331901,0
15.57,0.000389006,0
15.575,0.000445296,0
15.58,0.000500683,0
15.585,0.000555082,0
15.59,0.00060841,0
15.595,0.000660586,0
15.6,0.000711529,0
15.605,0.000761163,0
15.61,0.000809413,0
15.615,0.000856206,0
15.62,0.000901474,0
15.625,0.000945148,0
15.63,0.000987165,0
15.635,0.00102746,0
15.64,0.00106598,0
15.645,0.00110267,0
15.65,0.00113747,0
15.655,0.00117034,0
15.66,0.00120123,0
15.665,0.0012301,0
15.67,0.0012569,0
15.675,0.0012816,0
15.68,0.00130418,0
15.685,0.0013246,0
15.69,0.00134283,0
15.695,0.00135886,0
15.7,0.00137266,0
15.705,0.00138423,0
15.71,0.00139354,0
15.715,0.0014006,0
15.72,0.0014054,0
15.725,0.00140794,0
15.73,0.00140822,0
15.735,0.00140626,0
15.74,0.00140206,0
15.745,0.00139563,0
15.75,0.00138699,0
15.755,0.00137618,0
15.76,0.0013632,0
15.765,0.00134809,0
15.77,0.00133088,0
15.775,0.0013116,0
15.78,0.00129029,0
15.785,0.001267,0
15.79,0.00124176,0
15.795,0.00121463,0
15.8,0.00118565,0
15.805,0.00115488,0
15.81,0.00112237,0
15.815,0.00108818,0
15.82,0.00105236,0
15.825,0.00101499,0
15.83,0.000976124,0
15.835,0.000935833,0
15.84,0.000894186,0
15.845,0.000851252,0
15.85,0.000807106,0
15.855,0.000761821,0
15.86,0.000715475,0
15.865,0.000668144,0
15.87,0.000619907,0
15.875,0.000570846,0
15.88,0.000521039,0
15.885,0.000470571,0
15.89,0.000419523,0
15.895,0.000367979,0
15.9,0.000316023,0
15.905,0.00026374,0
15.91,0.000211213,0
15.915,0.000158528,0
15.92,0.00010577,0
15.925,5.30218e-05,0
15.93,3.68683e-07,0
15.935,-5.21058e-05,0
15.94,-0.000104318,0
15.945,-0.000156187,0
15.95,-0.000207629,0
15.955,-0.000258565,0
15.96,-0.000308915,0
15.965,-0.000358601,0
15.97,-0.000407545,0
15.975,-0.000455671,0
15.98,-0.000502907,0
15.985,-0.000549178,0
15.99,-0.000594416,0
15.995,-0.000638551,0
16,-0.000681516,0
16.005,-0.000723247,0
16.01,-0.000763681,0
16.015,-0.000802759,0
16.02,-0.000840422,0
16.025,-0.000876615,0
16.03,-0.000911286,0
16.035,-0.000944383,0
16.04,-0.000975861,0
16.045,-0.00100567,0
16.05,-0.00103378,0
16.055,-0.00106014,0
16.06,-0.00108472,0
16.065,-0.00110748,0
16.07,-0.0011284,0
16.075,-0.00114744,0
16.08,-0.00116459,0
16.085,-0.00117982,0
16.09,-0.00119311,0
16.095,-0.00120446,0
16.1,-0.00121384,0
16.105,-0.00122126,0
16.11,-0.0012267,0
16.115,-0.00123016,0
16.12,-0.00123165,0
16.125,-0.00123116,0
16.13,-0.00122871,0
16.135,-0.00122431,0
16.14,-0.00121797,0
16.145,-0.00120971,0
16.15,-0.00119954,0
16.155,-0.0011875,0
16.16,-0.00117359,0
16.165,-0.00115787,0
16.17,-0.00114034,0
16.175,-0.00112106,0
16.18,-0.00110005,0
16.185,-0.00107736,0
16.19,-0.00105303,0
16.195,-0.00102709,0
16.2,-0.00099961,0
16.205,-0.000970623,0
16.21,-0.000940186,0
16.215,-0.000908352,0
16.22,-0.000875176,0
16.225,-0.000840715,0
16.23,-0.00080503,0
16.235,-0.000768181,0
16.24,-0.000730232,0
16.245,-0.000691245,0
16.25,-0.000651288,0
16.255,-0.000610428,0
16.26,-0.000568731,0
16.265,-0.000526269,0
16.27,-0.000483112,0
16.275,-0.000439329,0
16.28,-0.000394995,0
16.285,-0.000350181,0
16.29,-0.00030496,0
16.295,-0.000259407,0
16.3,-0.000213594,0
16.305,-0.000167597,0
16.31,-0.000121488,0
16.315,-7.53426e-05,0
16.32,-2.92338e-05,0
16.325,1.67647e-05,0
16.33,6.25799e-05,0
16.335,0.000108139,0
16.34,0.000153371,0
16.345,0.000198204,0
16.35,0.000242568,0
16.355,0.000286393,0
16.36,0.000329613,0
16.365,0.000372159,0
16.37,0.000413966,0
16.375,0.00045497,0
16.38,0.000495108,0
16.385,0.000534319,0
16.39,0.000572544,0
16.395,0.000609724,0
16.4,0.000645805,0
16.405,0.000680732,0
16.41,0.000714453,0
16.415,0.000746919,0
16.42,0.000778082,0
16.425,0.000807897,0
16.43,0.000836321,0
16.435,0.000863313,0
16.44,0.000888835,0
16.445,0.000912851,0
16.45,0.000935328,0
16.455,0.000956235,0
16.46,0.000975545,0
16.465,0.000993232,0
16.47,0.00100927,0
16.475,0.00102365,0
16.48,0.00103634,0
16.485,0.00104733,0
16.49,0.00105662,0
16.495,0.00106419,0
16.5,0.00107003,0
16.505,0.00107414,0
16.51,0.00107653,0
16.515,0.00107719,0
16.52,0.00107612,0
16.525,0.00107335,0
16.53,0.00106887,0
16.535,0.00106269,0
16.54,0.00105485,0
16.545,0.00104534,0
16.55,0.0010342,0
16.555,0.00102144,0
16.56,0.0010071,0
16.565,0.000991202,0
16.57,0.000973773,0
16.575,0.000954849,0
16.58,0.000934465,0
16.585,0.000912659,0
16.59,0.00088947,0
16.595,0.00086494,0
16.6,0.000839112,0
16.605,0.000812033,0
16.61,0.00078375,0
16.615,0.000754312,0
16.62,0.00072377,0
16.625,0.000692177,0
16.63,0.000659586,0
16.635,0.000626053,0
16.64,0.000591635,0
16.645,0.000556389,0
16.65,0.000520376,0
16.655,0.000483654,0
16.66,0.000446285,0
16.665,0.00040833,0
16.67,0.000369854,0
16.675,0.000330917,0
16.68,0.000291585,0
16.685,0.000251921,0
16.69,0.00021199,0
16.695,0.000171857,0
16.7,0.000131586,0
16.705,9.12418e-05,0
16.71,5.08893e-05,0
16.715,1.05929e-05,0
16.72,-2.95832e-05,0
16.725,-6.95754e-05,0
16.73,-0.00010932,0
16.735,-0.000148756,0
16.74,-0.000187819,0
16.745,-0.00022645,0
16.75,-0.000264587,0
16.755,-0.000302173,0
16.76,-0.000339148,0
16.765,-0.000375456,0
16.77,-0.000411041,0
16.775,-0.000445849,0
16.78,-0.000479826,0
16.785,-0.000512922,0
16.79,-0.000545087,0
16.795,-0.000576271,0
16.8,-0.00060643,0
16.805,-0.000635518,0
16.81,-0.000663492,0
16.815,-0.000690312,0
16.82,-0.000715939,0
16.825,-0.000740336,0
16.83,-0.000763468,0
16.835,-0.000785302,0
16.84,-0.000805808,0
16.845,-0.000824958,0
16.85,-0.000842726,0
16.855,-0.000859088,0
16.86,-0.000874023,0
16.865,-0.000887512,0
16.87,-0.000899538,0
16.875,-0.000910088,0
16.88,-0.000919148,0
16.885,-0.000926711,0
16.89,-0.000932768,0
16.895,-0.000937315,0
16.9,-0.000940351,0
16.905,-0.000941876,0
16.91,-0.000941891,0
16.915,-0.000940403,0
16.92,-0.000937419,0
16.925,-0.000932948,0
16.93,-0.000927003,0
16.935,-0.000919599,0
16.94,-0.000910752,0
16.945,-0.000900481,0
16.95,-0.000888807,0
16.955,-0.000875755,0
16.96,-0.000861349,0
16.965,-0.000845616,0
16.97,-0.000828588,0
16.975,-0.000810294,0
16.98,-0.00079077,0
16.985,-0.000770049,0
16.99,-0.00074817,0
16.995,-0.00072517,0
17,-0.000701092,0
17.005,-0.000675976,0
17.01,-0.000649866,0
17.015,-0.000622808,0
17.02,-0.000594848,0
17.025,-0.000566034,0
17.03,-0.000536413,0
17.035,-0.000506038,0
17.04,-0.000474958,0
17.045,-0.000443225,0
17.05,-0.000410893,0
17.055,-0.000378015,0
17.06,-0.000344646,0
17.065,-0.000310839,0
17.07,-0.000276652,0
17.075,-0.00024214,0
17.08,-0.000207358,0
17.085,-0.000172364,0
17.09,-0.000137213,0
17.095,-0.000101964,0
17.1,-6.6671e-05,0
17.105,-3.13922e-05,0
17.11,3.8167e-06,0
17.115,3.88997e-05,0
17.12,7.38011e-05,0
17.125,0.000108466,0
17.13,0.00014284,0
17.135,0.000176868,0
17.14,0.000210499,0
17.145,0.000243679,0
17.15,0.000276357,0
17.155,0.000308483,0
17.16,0.000340006,0
17.165,0.00037088,0
17.17,0.000401057,0
17.175,0.000430491,0
17.18,0.000459137,0
17.185,0.000486953,0
17.19,0.000513897,0
17.195,0.000539928,0
17.2,0.00056501,0
17.205,0.000589103,0
17.21,0.000612175,0
17.215,0.00063419,0
17.22,0.000655119,0
17.225,0.00067493,0
17.23,0.000693596,0
17.235,0.000711092,0
17.24,0.000727393,0
17.245,0.000742477,0
17.25,0.000756325,0
17.255,0.000768918,0
17.26,0.00078024,0
17.265,0.000790279,0
17.27,0.000799022,0
17.275,0.00080646,0
17.28,0.000812584,0
17.285,0.000817391,0
17.29,0.000820877,0
17.295,0.00082304,0
17.3,0.000823882,0
17.305,0.000823406,0
17.31,0.000821617,0
17.315,0.000818523,0
17.32,0.000814132,0
17.325,0.000808457,0
17.33,0.000801511,0
17.335,0.000793308,0
17.34,0.000783867,0
17.345,0.000773207,0
17.35,0.000761349,0
17.355,0.000748316,0
17.36,0.000734132,0
17.365,0.000718825,0
17.37,0.000702423,0
17.375,0.000684955,0
17.38,0.000666453,0
17.385,0.00064695,0
17.39,0.00062648,0
17.395,0.00060508,0
17.4,0.000582788,0
17.405,0.00055964,0
17.41,0.000535678,0
17.415,0.000510943,0
17.42,0.000485476,0
17.425,0.00045932,0
17.43,0.000432521,0
17.435,0.000405122,0
17.44,0.000377169,0
17.445,0.00034871,0
17.45,0.000319791,0
17.455,0.00029046,0
17.46,0.000260765,0
17.465,0.000230755,0
17.47,0.000200478,0
17.475,0.000169985,0
17.48,0.000139324,0
17.485,0.000108545,0
17.49,7.76972e-05,0
17.495,4.68306e-05,0
17.5,1.59943e-05,0
17.505,-1.47626e-05,0
17.51,-4.53912e-05,0
17.515,-7.58432e-05,0
17.52,-0.00010607,0
17.525,-0.000136025,0
17.53,-0.000165661,0
17.535,-0.000194932,0
17.54,-0.000223792,0
17.545,-0.000252196,0
17.55,-0.000280101,0
17.555,-0.000307464,0
17.56,-0.000334243,0
17.565,-0.000360397,0
17.57,-0.000385887,0
17.575,-0.000410674,0
17.58,-0.000434721,0
17.585,-0.000457992,0
17.59,-0.000480453,0
17.595,-0.000502071,0
17.6,-0.000522813,0
17.605,-0.00054265,0
17.61,-0.000561554,0
17.615,-0.000579496,0
17.62,-0.000596453,0
17.625,-0.0006124,0
17.63,-0.000627314,0
17.635,-0.000641177,0
17.64,-0.000653969,0
17.645,-0.000665673,0
17.65,-0.000676275,0
17.655,-0.000685761,0
17.66,-0.00069412,0
17.665,-0.000701342,0
17.67,-0.000707421,0
17.675,-0.000712349,0
17.68,-0.000716123,0
17.685,-0.000718742,0
17.69,-0.000720204,0
17.695,-0.000720511,0
17.7,-0.000719667,0
17.705,-0.000717677,0
17.71,-0.000714549,0
17.715,-0.00071029,0
17.72,-0.000704911,0
17.725,-0.000698426,0
17.73,-0.000690848,0
17.735,-0.000682193,0
17.74,-0.000672478,0
17.745,-0.000661723,0
17.75,-0.000649948,0
17.755,-0.000637176,0
17.76,-0.000623429,0
17.765,-0.000608735,0
17.77,-0.000593119,0
17.775,-0.000576608,0
17.78,-0.000559234,0
17.785,-0.000541026,0
17.79,-0.000522017,0
17.795,-0.000502238,0
17.8,-0.000481726,0
17.805,-0.000460514,0
17.81,-0.000438639,0
17.815,-0.000416138,0
17.82,-0.00039305,0
17.825,-0.000369412,0
17.83,-0.000345266,0
17.835,-0.00032065,0
17.84,-0.000295607,0
17.845,-0.000270177,0
17.85,-0.000244402,0
17.855,-0.000218324,0
17.86,-0.000191987,0
17.865,-0.000165433,0
17.87,-0.000138705,0
17.875,-0.000111847,0
17.88,-8.49014e-05,0
17.885,-5.79122e-05,0
17.89,-3.09225e-05,0
17.895,-3.97519e-06,0
17.9,2.28867e-05,0
17.905,4.96207e-05,0
17.91,7.61844e-05,0
17.915,0.000102536,0
17.92,0.000128634,0
17.925,0.000154439,0
17.93,0.000179908,0
17.935,0.000205004,0
17.94,0.000229687,0
17.945,0.00025392,0
17.95,0.000277665,0
17.955,0.000300885,0
17.96,0.000323547,0
17.965,0.000345614,0
17.97,0.000367055,0
17.975,0.000387837,0
17.98,0.000407929,0
17.985,0.000427301,0
17.99,0.000445925,0
17.995,0.000463775,0
18,0.000480823,0
18.005,0.000497045,0
18.01,0.000512419,0
18.015,0.000526922,0
18.02,0.000540535,0
18.025,0.000553238,0
18.03,0.000565015,0
18.035,0.00057585,0
18.04,0.000585729,0
18.045,0.00059464,0
18.05,0.00060257,0
18.055,0.000609512,0
18.06,0.000615457,0
18.065,0.0006204,0
18.07,0.000624335,0
18.075,0.00062726,0
18.08,0.000629174,0
18.085,0.000630077,0
18.09,0.000629971,0
18.095,0.000628859,0
18.1,0.000626748,0
18.105,0.000623643,0
18.11,0.000619553,0
18.115,0.000614488,0
18.12,0.00060846,0
18.125,0.00060148,0
18.13,0.000593564,0
18.135,0.000584728,0
18.14,0.000574988,0
18.145,0.000564363,0
18.15,0.000552874,0
18.155,0.000540541,0
18.16,0.000527387,0
18.165,0.000513436,0
18.17,0.000498713,0
18.175,0.000483244,0
18.18,0.000467056,0
18.185,0.000450178,0
18.19,0.000432638,0
18.195,0.000414468,0
18.2,0.000395697,0
18.205,0.000376359,0
18.21,0.000356486,0
18.215,0.000336111,0
18.22,0.00031527,0
18.225,0.000293995,0
18.23,0.000272324,0
18.235,0.000250292,0
18.24,0.000227936,0
18.245,0.000205291,0
18.25,0.000182396,0
18.255,0.000159288,0
18.26,0.000136004,0
18.265,0.000112582,0
18.27,8.90604e-05,0
18.275,6.54765e-05,0
18.28,4.18683e-05,0
18.285,1.82737e-05,0
18.29,-5.26985e-06,0
18.295,-2.87248e-05,0
18.3,-5.20541e-05,0
18.305,-7.52209e-05,0
18.31,-9.81887e-05,0
18.315,-0.000120922,0
18.32,-0.000143384,0
18.325,-0.000165541,0
18.33,-0.000187359,0
18.335,-0.000208803,0
18.34,-0.000229841,0
18.345,-0.00025044,0
18.35,-0.000270569,0
18.355,-0.000290198,0
18.36,-0.000309297,0
18.365,-0.000327837,0
18.37,-0.000345791,0
18.375,-0.000363132,0
18.38,-0.000379833,0
18.385,-0.000395872,0
18.39,-0.000411224,0
18.395,-0.000425867,0
18.4,-0.000439781,0
18.405,-0.000452945,0
18.41,-0.000465342,0
18.415,-0.000476953,0
18.42,-0.000487763,0
18.425,-0.000497758,0
18.43,-0.000506925,0
18.435,-0.000515251,0
18.44,-0.000522726,0
18.445,-0.000529341,0
18.45,-0.000535088,0
18.455,-0.000539962,0
18.46,-0.000543957,0
18.465,-0.00054707,0
18.47,-0.0005493,0
18.475,-0.000550645,0
18.48,-0.000551106,0
18.485,-0.000550686,0
18.49,-0.000549388,0
18.495,-0.000547218,0
18.5,-0.000544181,0
18.505,-0.000540286,0
18.51,-0.000535542,0
18.515,-0.000529959,0
18.52,-0.000523549,0
18.525,-0.000516325,0
18.53,-0.000508301,0
18.535,-0.000499494,0
18.54,-0.000489918,0
18.545,-0.000479594,0
18.55,-0.000468539,0
18.555,-0.000456773,0
18.56,-0.000444319,0
18.565,-0.000431197,0
18.57,-0.000417432,0
18.575,-0.000403047,0
18.58,-0.000388068,0
18.585,-0.00037252,0
18.59,-0.000356431,0
18.595,-0.000339827,0
18.6,-0.000322738,0
18.605,-0.000305191,0
18.61,-0.000287217,0
18.615,-0.000268845,0
18.62,-0.000250107,0
18.625,-0.000231033,0
18.63,-0.000211656,0
18.635,-0.000192006,0
18.64,-0.000172117,0
18.645,-0.000152021,0
18.65,-0.00013175,0
18.655,-0.000111339,0
18.66,-9.08185e-05,0
18.665,-7.02233e-05,0
18.67,-4.95861e-05,0
18.675,-2.89399e-05,0
18.68,-8.31788e-06,0
18.685,1.22473e-05,0
18.69,3.27229e-05,0
18.695,5.30765e-05,0
18.7,7.32762e-05,0
18.705,9.32901e-05,0
18.71,0.000113087,0
18.715,0.000132636,0
18.72,0.000151907,0
18.725,0.000170869,0
18.73,0.000189495,0
18.735,0.000207754,0
18.74,0.00022562,0
18.745,0.000243064,0
18.75,0.000260061,0
18.755,0.000276586,0
18.76,0.000292612,0
18.765,0.000308117,0
18.77,0.000323077,0
18.775,0.00033747,0
18.78,0.000351276,0
18.785,0.000364474,0
18.79,0.000377045,0
18.795,0.000388972,0
18.8,0.000400237,0
18.805,0.000410825,0
18.81,0.00042072,0
18.815,0.000429911,0
18.82,0.000438384,0
18.825,0.000446128,0
18.83,0.000453134,0
18.835,0.000459392,0
18.84,0.000464896,0
18.845,0.000469639,0
18.85,0.000473616,0
18.855,0.000476824,0
18.86,0.000479259,0
18.865,0.000480921,0
18.87,0.00048181,0
18.875,0.000481926,0
18.88,0.000481273,0
18.885,0.000479854,0
18.89,0.000477673,0
18.895,0.000474738,0
18.9,0.000471054,0
18.905,0.000466631,0
18.91,0.000461478,0
18.915,0.000455606,0
18.92,0.000449027,0
18.925,0.000441753,0
18.93,0.000433799,0
18.935,0.000425179,0
18.94,0.00041591,0
18.945,0.000406009,0
18.95,0.000395493,0
18.955,0.000384382,0
18.96,0.000372694,0
18.965,0.000360452,0
18.97,0.000347676,0
18.975,0.000334388,0
18.98,0.000320612,0
18.985,0.00030637,0
18.99,0.000291689,0
18.995,0.000276591,0
19,0.000261103,0
19.005,0.000245252,0
19.01,0.000229062,0
19.015,0.000212562,0
19.02,0.000195779,0
19.025,0.000178741,0
19.03,0.000161475,0
19.035,0.00014401,0
19.04,0.000126375,0
19.045,0.000108598,0
19.05,9.07081e-05,0
19.055,7.27343e-05,0
19.06,5.47056e-05,0
19.065,3.66509e-05,0
19.07,1.85992e-05,0
19.075,5.79195e-07,0
19.08,-1.73804e-05,0
19.085,-3.52511e-05,0
19.09,-5.30047e-05,0
19.095,-7.06133e-05,0
19.1,-8.80492e-05,0
19.105,-0.000105285,0
19.11,-0.000122294,0
19.115,-0.000139051,0
19.12,-0.000155528,0
19.125,-0.0001717,0
19.13,-0.000187544,0
19.135,-0.000203034,0
19.14,-0.000218148,0
19.145,-0.000232862,0
19.15,-0.000247154,0
19.155,-0.000261002,0
19.16,-0.000274387,0
19.165,-0.000287289,0
19.17,-0.000299688,0
19.175,-0.000311566,0
19.18,-0.000322906,0
19.185,-0.000333693,0
19.19,-0.00034391,0
19.195,-0.000353543,0
19.2,-0.000362579,0
19.205,-0.000371005,0
19.21,-0.000378811,0
19.215,-0.000385985,0
19.22,-0.000392518,0
19.225,-0.000398403,0
19.23,-0.000403632,0
19.235,-0.000408198,0
19.24,-0.000412098,0
19.245,-0.000415326,0
19.25,-0.00041788,0
19.255,-0.000419759,0
19.26,-0.000420961,0
19.265,-0.000421487,0
19.27,-0.000421338,0
19.275,-0.000420517,0
19.28,-0.000419028,0
19.285,-0.000416874,0
19.29,-0.000414063,0
19.295,-0.0004106,0
19.3,-0.000406494,0
19.305,-0.000401752,0
19.31,-0.000396385,0
19.315,-0.000390404,0
19.32,-0.00038382,0
19.325,-0.000376646,0
19.33,-0.000368895,0
19.335,-0.000360581,0
19.34,-0.00035172,0
19.345,-0.000342327,0
19.35,-0.00033242,0
19.355,-0.000322017,0
19.36,-0.000311134,0
19.365,-0.000299792,0
19.37,-0.00028801,0
19.375,-0.000275808,0
19.38,-0.000263207,0
19.385,-0.00025023,0
19.39,-0.000236897,0
19.395,-0.000223231,0
19.4,-0.000209255,0
19.405,-0.000194993,0
19.41,-0.000180468,0
19.415,-0.000165704,0
19.42,-0.000150726,0
19.425,-0.000135558,0
19.43,-0.000120226,0
19.435,-0.000104754,0
19.44,-8.91673e-05,0
19.445,-7.34914e-05,0
19.45,-5.77515e-05,0
19.455,-4.19729e-05,0
19.46,-2.61811e-05,0
19.465,-1.04012e-05,0
19.47,5.34153e-06,0
19.475,2.10222e-05,0
19.48,3.66159e-05,0
19.485,5.20981e-05,0
19.49,6.74445e-05,0
19.495,8.26309e-05,0
19.5,9.76337e-05,0
19.505,0.00011243,0
19.51,0.000126996,0
19.515,0.000141309,0
19.52,0.000155349,0
19.525,0.000169093,0
19.53,0.00018252,0
19.535,0.00019561,0
19.54,0.000208343,0
19.545,0.0002207,0
19.55,0.000232663,0
19.555,0.000244213,0
19.56,0.000255335,0
19.565,0.000266011,0
19.57,0.000276226,0
19.575,0.000285965,0
19.58,0.000295215,0
19.585,0.000303961,0
19.59,0.000312193,0
19.595,0.000319899,0
19.6,0.000327067,0
19.605,0.000333689,0
19.61,0.000339756,0
19.615,0.00034526,0
19.62,0.000350194,0
19.625,0.000354552,0
19.63,0.000358329,0
19.635,0.000361521,0
19.64,0.000364126,0
19.645,0.00036614,0
19.65,0.000367563,0
19.655,0.000368394,0
19.66,0.000368634,0
19.665,0.000368285,0
19.67,0.00036735,0
19.675,0.000365831,0
19.68,0.000363733,0
19.685,0.000361061,0
19.69,0.000357823,0
19.695,0.000354024,0
19.7,0.000349673,0
19.705,0.000344779,0
19.71,0.00033935,0
19.715,0.000333399,0
19.72,0.000326935,0
19.725,0.000319972,0
19.73,0.000312522,0
19.735,0.000304598,0
19.74,0.000296215,0
19.745,0.000287387,0
19.75,0.000278131,0
19.755,0.000268462,0
19.76,0.000258397,0
19.765,0.000247955,0
19.77,0.000237152,0
19.775,0.000226007,0
19.78,0.000214539,0
19.785,0.000202768,0
19.79,0.000190713,0
19.795,0.000178395,0
19.8,0.000165834,0
19.805,0.000153051,0
19.81,0.000140067,0
19.815,0.000126904,0
19.82,0.000113583,0
19.825,0.000100126,0
19.83,8.65549e-05,0
19.835,7.28919e-05,0
19.84,5.9159e-05,0
19.845,4.53784e-05,0
19.85,3.15723e-05,0
19.855,1.77627e-05,0
19.86,3.97186e-06,0
19.865,-9.77843e-06,0
19.87,-2.34663e-05,0
19.875,-3.70701e-05,0
19.88,-5.05685e-05,0
19.885,-6.39402e-05,0
19.89,-7.71643e-05,0
19.895,-9.02202e-05,0
19.9,-0.000103088,0
19.905,-0.000115747,0
19.91,-0.000128178,0
19.915,-0.000140362,0
19.92,-0.000152281,0
19.925,-0.000163916,0
19.93,-0.00017525,0
19.935,-0.000186265,0
19.94,-0.000196946,0
19.945,-0.000207276,0
19.95,-0.00021724,0
19.955,-0.000226823,0
19.96,-0.000236011,0
19.965,-0.000244791,0
19.97,-0.000253151,0
19.975,-0.000261078,0
19.98,-0.000268562,0
19.985,-0.000275591,0
19.99,-0.000282156,0
19.995,-0.000288249,0
20,-0.00029386,0
20.005,-0.000298984,0
20.01,-0.000303612,0
20.015,-0.000307741,0
20.02,-0.000311363,0
20.025,-0.000314477,0
20.03,-0.000317078,0
20.035,-0.000319164,0
20.04,-0.000320733,0
20.045,-0.000321785,0
20.05,-0.00032232,0
20.055,-0.000322338,0
20.06,-0.000321842,0
20.065,-0.000320833,0
20.07,-0.000319316,0
20.075,-0.000317294,0
20.08,-0.000314773,0
20.085,-0.000311758,0
20.09,-0.000308255,0
20.095,-0.000304272,0
20.1,-0.000299817,0
20.105,-0.000294898,0
20.11,-0.000289526,0
20.115,-0.000283709,0
20.12,-0.00027746,0
20.125,-0.000270789,0
20.13,-0.000263708,0
20.135,-0.00025623,0
20.14,-0.000248369,0
20.145,-0.000240138,0
20.15,-0.000231552,0
20.155,-0.000222625,0
20.16,-0.000213373,0
20.165,-0.000203812,0
20.17,-0.000193958,0
20.175,-0.000183829,0
20.18,-0.00017344,0
20.185,-0.00016281,0
20.19,-0.000151955,0
20.195,-0.000140896,0
20.2,-0.000129649,0
20.205,-0.000118233,0
20.21,-0.000106668,0
20.215,-9.49713e-05,0
20.22,-8.3163e-05,0
20.225,-7.12622e-05,0
20.23,-5.92881e-05,0
20.235,-4.72602e-05,0
20.24,-3.51977e-05,0
20.245,-2.31201e-05,0
20.25,-1.10467e-05,0
20.255,1.00324e-06,0
20.26,1.30106e-05,0
20.265,2.49562e-05,0
20.27,3.68214e-05,0
20.275,4.85875e-05,0
20.28,6.02359e-05,0
20.285,7.17485e-05,0
20.29,8.31074e-05,0
20.295,9.42949e-05,0
20.3,0.000105294,0
20.305,0.000116087,0
20.31,0.000126659,0
20.315,0.000136992,0
20.32,0.000147071,0
20.325,0.000156881,0
20.33,0.000166408,0
20.335,0.000175636,0
20.34,0.000184553,0
20.345,0.000193144,0
20.35,0.000201398,0
20.355,0.000209303,0
20.36,0.000216846,0
20.365,0.000224018,0
20.37,0.000230807,0
20.375,0.000237205,0
20.38,0.000243203,0
20.385,0.000248791,0
20.39,0.000253964,0
20.395,0.000258714,0
20.4,0.000263034,0
20.405,0.00026692,0
20.41,0.000270366,0
20.415,0.00027337,0
20.42,0.000275926,0
20.425,0.000278034,0
20.43,0.00027969,0
20.435,0.000280894,0
20.44,0.000281646,0
20.445,0.000281945,0
20.45,0.000281794,0
20.455,0.000281193,0
20.46,0.000280145,0
20.465,0.000278654,0
20.47,0.000276723,0
20.475,0.000274356,0
20.48,0.00027156,0
20.485,0.00026834,0
20.49,0.000264702,0
20.495,0.000260654,0
20.5,0.000256204,0
20.505,0.00025136,0
20.51,0.000246131,0
20.515,0.000240527,0
20.52,0.000234558,0
20.525,0.000228236,0
20.53,0.00022157,0
20.535,0.000214573,0
20.54,0.000207257,0
20.545,0.000199636,0
20.55,0.000191722,0
20.555,0.000183528,0
20.56,0.00017507,0
20.565,0.000166361,0
20.57,0.000157416,0
20.575,0.00014825,0
20.58,0.000138878,0
20.585,0.000129317,0
20.59,0.000119582,0
20.595,0.000109689,0
20.6,9.96549e-05,0
20.605,8.94956e-05,0
20.61,7.92281e-05,0
20.615,6.88691e-05,0
20.62,5.84353e-05,0
20.625,4.79438e-05,0
20.63,3.74115e-05,0
20.635,2.68553e-05,0
20.64,1.62922e-05,0
20.645,5.73896e-06,0
20.65,-4.78749e-06,0
20.655,-1.52705e-05,0
20.66,-2.56934e-05,0
20.665,-3.60398e-05,0
20.67,-4.62935e-05,0
20.675,-5.64384e-05,0
20.68,-6.64586e-05,0
20.685,-7.63387e-05,0
20.69,-8.60632e-05,0
20.695,-9.56173e-05,0
20.7,-0.000104986,0
20.705,-0.000114156,0
20.71,-0.000123112,0
20.715,-0.000131841,0
20.72,-0.000140329,0
20.725,-0.000148565,0
20.73,-0.000156536,0
20.735,-0.00016423,0
20.74,-0.000171635,0
20.745,-0.000178741,0
20.75,-0.000185538,0
20.755,-0.000192015,0
20.76,-0.000198163,0
20.765,-0.000203975,0
20.77,-0.000209441,0
20.775,-0.000214554,0
20.78,-0.000219307,0
20.785,-0.000223694,0
20.79,-0.000227709,0
20.795,-0.000231346,0
20.8,-0.000234602,0
20.805,-0.000237473,0
20.81,-0.000239954,0
20.815,-0.000242044,0
20.82,-0.000243741,0
20.825,-0.000245042,0
20.83,-0.000245948,0
20.835,-0.000246459,0
20.84,-0.000246574,0
20.845,-0.000246295,0
20.85,-0.000245624,0
20.855,-0.000244563,0
20.86,-0.000243115,0
20.865,-0.000241284,0
20.87,-0.000239074,0
20.875,-0.00023649,0
20.88,-0.000233538,0
20.885,-0.000230222,0
20.89,-0.00022655,0
20.895,-0.000222529,0
20.9,-0.000218167,0
20.905,-0.000213471,0
20.91,-0.00020845,0
20.915,-0.000203114,0
20.92,-0.000197472,0
20.925,-0.000191533,0
20.93,-0.000185309,0
20.935,-0.00017881,0
20.94,-0.000172048,0
20.945,-0.000165035,0
20.95,-0.000157782,0
20.955,-0.000150301,0
20.96,-0.000142606,0
20.965,-0.00013471,0
20.97,-0.000126625,0
20.975,-0.000118366,0
20.98,-0.000109946,0
20.985,-0.000101379,0
20.99,-9.26798e-05,0
20.995,-8.38619e-05,0
21,-7.49402e-05,0
21.005,-6.59292e-05,0
21.01,-5.68436e-05,0
21.015,-4.76982e-05,0
21.02,-3.85078e-05,0
21.025,-2.92872e-05,0
21.03,-2.00512e-05,0
21.035,-1.08146e-05,0
21.04,-1.59226e-06,0
21.045,7.60128e-06,0
21.05,1.67514e-05,0
21.055,2.58436e-05,0
21.06,3.48636e-05,0
21.065,4.37973e-05,0
21.07,5.26306e-05,0
21.075,6.13499e-05,0
21.08,6.99415e-05,0
21.085,7.83923e-05,0
21.09,8.66891e-05,0
21.095,9.48193e-05,0
21.1,0.000102771,0
21.105,0.000110531,0
21.11,0.000118088,0
21.115,0.000125431,0
21.12,0.000132548,0
21.125,0.00013943,0
21.13,0.000146066,0
21.135,0.000152446,0
21.14,0.000158561,0
21.145,0.000164403,0
21.15,0.000169961,0
21.155,0.00017523,0
21.16,0.000180201,0
21.165,0.000184867,0
21.17,0.000189222,0
21.175,0.000193261,0
21.18,0.000196977,0
21.185,0.000200366,0
21.19,0.000203424,0
21.195,0.000206146,0
21.2,0.00020853,0
21.205,0.000210573,0
21.21,0.000212273,0
21.215,0.000213629,0
21.22,0.000214638,0
21.225,0.000215302,0
21.23,0.00021562,0
21.235,0.000215592,0
21.24,0.000215221,0
21.245,0.000214507,0
21.25,0.000213453,0
21.255,0.000212061,0
21.26,0.000210336,0
21.265,0.000208282,0
21.27,0.000205901,0
21.275,0.0002032,0
21.28,0.000200184,0
21.285,0.000196859,0
21.29,0.00019323,0
21.295,0.000189306,0
21.3,0.000185092,0
21.305,0.000180598,0
21.31,0.00017583,0
21.315,0.000170799,0
21.32,0.000165511,0
21.325,0.000159977,0
21.33,0.000154207,0
21.335,0.00014821,0
21.34,0.000141997,0
21.345,0.000135579,0
21.35,0.000128966,0
21.355,0.000122169,0
21.36,0.000115201,0
21.365,0.000108072,0
21.37,0.000100795,0
21.375,9.33825e-05,0
21.38,8.58457e-05,0
21.385,7.81975e-05,0
21.39,7.04505e-05,0
21.395,6.26174e-05,0
21.4,5.4711e-05,0
21.405,4.67442e-05,0
21.41,3.87299e-05,0
21.415,3.0681e-05,0
21.42,2.26106e-05,0
21.425,1.45315e-05,0
21.43,6.4567e-06,0
21.435,-1.6009e-06,0
21.44,-9.62853e-06,0
21.445,-1.76135e-05,0
21.45,-2.55431e-05,0
21.455,-3.3405e-05,0
21.46,-4.11868e-05,0
21.465,-4.88763e-05,0
21.47,-5.64617e-05,0
21.475,-6.39311e-05,0
21.48,-7.1273e-05,0
21.485,-7.84761e-05,0
21.49,-8.55295e-05,0
21.495,-9.24223e-05,0
21.5,-9.91441e-05,0
21.505,-0.000105685,0
21.51,-0.000112034,0
21.515,-0.000118184,0
21.52,-0.000124123,0
21.525,-0.000129845,0
21.53,-0.000135339,0
21.535,-0.000140599,0
21.54,-0.000145616,0
21.545,-0.000150384,0
21.55,-0.000154896,0
21.555,-0.000159145,0
21.56,-0.000163125,0
21.565,-0.000166832,0
21.57,-0.000170259,0
21.575,-0.000173403,0
21.58,-0.00017626,0
21.585,-0.000178825,0
21.59,-0.000181096,0
21.595,-0.000183071,0
21.6,-0.000184746,0
21.605,-0.000186121,0
21.61,-0.000187194,0
21.615,-0.000187965,0
21.62,-0.000188432,0
21.625,-0.000188598,0
21.63,-0.000188462,0
21.635,-0.000188025,0
21.64,-0.00018729,0
21.645,-0.000186258,0
21.65,-0.000184933,0
21.655,-0.000183316,0
21.66,-0.000181413,0
21.665,-0.000179226,0
21.67,-0.000176761,0
21.675,-0.000174022,0
21.68,-0.000171015,0
21.685,-0.000167744,0
21.69,-0.000164218,0
21.695,-0.000160441,0
21.7,-0.00015642,0
21.705,-0.000152164,0
21.71,-0.000147679,0
21.715,-0.000142974,0
21.72,-0.000138056,0
21.725,-0.000132935,0
21.73,-0.000127619,0
21.735,-0.000122118,0
21.74,-0.00011644,0
21.745,-0.000110596,0
21.75,-0.000104595,0
21.755,-9.84472e-05,0
21.76,-9.21634e-05,0
21.765,-8.57539e-05,0
21.77,-7.92293e-05,0
21.775,-7.26005e-05,0
21.78,-6.58783e-05,0
21.785,-5.90738e-05,0
21.79,-5.21982e-05,0
21.795,-4.52626e-05,0
21.8,-3.82784e-05,0
21.805,-3.12569e-05,0
21.81,-2.42093e-05,0
21.815,-1.71471e-05,0
21.82,-1.00816e-05,0
21.825,-3.02401e-06,0
21.83,4.01437e-06,0
21.835,1.10224e-05,0
21.84,1.7989e-05,0
21.845,2.49031e-05,0
21.85,3.1754e-05,0
21.855,3.85308e-05,0
21.86,4.52231e-05,0
21.865,5.18204e-05,0
21.87,5.83125e-05,0
21.875,6.46894e-05,0
21.88,7.09414e-05,0
21.885,7.70588e-05,0
21.89,8.30324e-05,0
21.895,8.88531e-05,0
21.9,9.45122e-05,0
21.905,0.000100001,0
21.91,0.000105312,0
21.915,0.000110436,0
21.92,0.000115367,0
21.925,0.000120097,0
21.93,0.000124618,0
21.935,0.000128926,0
21.94,0.000133013,0
21.945,0.000136874,0
21.95,0.000140503,0
21.955,0.000143896,0
21.96,0.000147047,0
21.965,0.000149953,0
21.97,0.000152609,0
21.975,0.000155013,0
21.98,0.000157161,0
21.985,0.000159052,0
21.99,0.000160681,0
21.995,0.000162049,0
22,0.000163153,0
22.005,0.000163993,0
22.01,0.000164569,0
22.015,0.000164879,0
22.02,0.000164926,0
22.025,0.000164709,0
22.03,0.00016423,0
22.035,0.00016349,0
22.04,0.000162492,0
22.045,0.000161238,0
22.05,0.000159731,0
22.055,0.000157973,0
22.06,0.00015597,0
22.065,0.000153725,0
22.07,0.000151241,0
22.075,0.000148525,0
22.08,0.000145581,0
22.085,0.000142414,0
22.09,0.000139031,0
22.095,0.000135438,0
22.1,0.00013164,0
22.105,0.000127646,0
22.11,0.000123461,0
22.115,0.000119093,0
22.12,0.00011455,0
22.125,0.00010984,0
22.13,0.00010497,0
22.135,9.99493e-05,0
22.14,9.47861e-05,0
22.145,8.94892e-05,0
22.15,8.40675e-05,0
22.155,7.853e-05,0
22.16,7.2886e-05,0
22.165,6.71449e-05,0
22.17,6.13161e-05,0
22.175,5.54093e-05,0
22.18,4.94341e-05,0
22.185,4.34003e-05,0
22.19,3.73178e-05,0
22.195,3.11965e-05,0
22.2,2.50461e-05,0
22.205,1.88767e-05,0
22.21,1.26982e-05,0
22.215,6.52041e-06,0
22.22,3.53257e-07,0
22.225,-5.79347e-06,0
22.23,-1.191e-05,0
22.235,-1.79868e-05,0
22.24,-2.40141e-05,0
22.245,-2.99826e-05,0
22.25,-3.58829e-05,0
22.255,-4.17058e-05,0
22.26,-4.74423e-05,0
22.265,-5.30836e-05,0
22.27,-5.8621e-05,0
22.275,-6.40459e-05,0
22.28,-6.93501e-05,0
22.285,-7.45255e-05,0
22.29,-7.95644e-05,0
22.295,-8.4459e-05,0
22.3,-8.92022e-05,0
22.305,-9.37869e-05,0
22.31,-9.82062e-05,0
22.315,-0.000102454,0
22.32,-0.000106523,0
22.325,-0.000110409,0
22.33,-0.000114105,0
22.335,-0.000117606,0
22.34,-0.000120908,0
22.345,-0.000124006,0
22.35,-0.000126895,0
22.355,-0.000129571,0
22.36,-0.000132032,0
22.365,-0.000134273,0
22.37,-0.000136293,0
22.375,-0.000138088,0
22.38,-0.000139656,0
22.385,-0.000140996,0
22.39,-0.000142107,0
22.395,-0.000142987,0
22.4,-0.000143636,0
22.405,-0.000144053,0
22.41,-0.000144238,0
22.415,-0.000144193,0
22.42,-0.000143918,0
22.425,-0.000143414,0
22.43,-0.000142683,0
22.435,-0.000141727,0
22.44,-0.000140547,0
22.445,-0.000139147,0
22.45,-0.00013753,0
22.455,-0.000135699,0
22.46,-0.000133657,0
22.465,-0.000131409,0
22.47,-0.000128959,0
22.475,-0.000126311,0
22.48,-0.000123471,0
22.485,-0.000120443,0
22.49,-0.000117234,0
22.495,-0.000113848,0
22.5,-0.000110291,0
22.505,-0.000106571,0
22.51,-0.000102694,0
22.515,-9.86654e-05,0
22.52,-9.44932e-05,0
22.525,-9.01844e-05,0
22.53,-8.57464e-05,0
22.535,-8.11865e-05,0
22.54,-7.65125e-05,0
22.545,-7.17324e-05,0
22.55,-6.68539e-05,0
22.555,-6.18854e-05,0
22.56,-5.68349e-05,0
22.565,-5.1711e-05,0
22.57,-4.65219e-05,0
22.575,-4.12762e-05,0
22.58,-3.59825e-05,0
22.585,-3.06493e-05,0
22.59,-2.52854e-05,0
22.595,-1.98994e-05,0
22.6,-1.44999e-05,0
22.605,-9.09569e-06,0
22.61,-3.69533e-06,0
22.615,1.69255e-06,0
22.62,7.05939e-06,0
22.625,1.23967e-05,0
22.63,1.7696e-05,0
22.635,2.29491e-05,0
22.64,2.81477e-05,0
22.645,3.32836e-05,0
22.65,3.83489e-05,0
22.655,4.33357e-05,0
22.66,4.82364e-05,0
22.665,5.30434e-05,0
22.67,5.77494e-05,0
22.675,6.23471e-05,0
22.68,6.68297e-05,0
22.685,7.11904e-05,0
22.69,7.54225e-05,0
22.695,7.95199e-05,0
22.7,8.34763e-05,0
22.705,8.72861e-05,0
22.71,9.09435e-05,0
22.715,9.44433e-05,0
22.72,9.77804e-05,0
22.725,0.00010095,0
22.73,0.000103948,0
22.735,0.000106769,0
22.74,0.000109411,0
22.745,0.000111869,0
22.75,0.00011414,0
22.755,0.000116221,0
22.76,0.000118109,0
22.765,0.000119802,0
22.77,0.000121299,0
22.775,0.000122596,0
22.78,0.000123694,0
22.785,0.00012459,0
22.79,0.000125285,0
22.795,0.000125777,0
22.8,0.000126066,0
22.805,0.000126154,0
22.81,0.000126039,0
22.815,0.000125724,0
22.82,0.000125209,0
22.825,0.000124496,0
22.83,0.000123587,0
22.835,0.000122484,0
22.84,0.000121188,0
22.845,0.000119704,0
22.85,0.000118034,0
22.855,0.000116181,0
22.86,0.000114148,0
22.865,0.000111941,0
22.87,0.000109562,0
22.875,0.000107017,0
22.88,0.000104309,0
22.885,0.000101444,0
22.89,9.84268e-05,0
22.895,9.52627e-05,0
22.9,9.19574e-05,0
22.905,8.85165e-05,0
22.91,8.4946e-05,0
22.915,8.1252e-05,0
22.92,7.74409e-05,0
22.925,7.35192e-05,0
22.93,6.94935e-05,0
22.935,6.53705e-05,0
22.94,6.11571e-05,0
22.945,5.68605e-05,0
22.95,5.24878e-05,0
22.955,4.80461e-05,0
22.96,4.35429e-05,0
22.965,3.89855e-05,0
22.97,3.43813e-05,0
22.975,2.9738e-05,0
22.98,2.50629e-05,0
22.985,2.03638e-05,0
22.99,1.56482e-05,0
22.995,1.09236e-05,0
23,6.19766e-06,0
23.005,1.47792e-06,0
23.01,-3.22811e-06,0
23.015,-7.91297e-06,0
23.02,-1.25693e-05,0
23.025,-1.71896e-05,0
23.03,-2.17668e-05,0
23.035,-2.62937e-05,0
23.04,-3.07632e-05,0
23.045,-3.51684e-05,0
23.05,-3.95024e-05,0
23.055,-4.37586e-05,0
23.06,-4.79305e-05,0
23.065,-5.20117e-05,0
23.07,-5.59959e-05,0
23.075,-5.98772e-05,0
23.08,-6.36497e-05,0
23.085,-6.73078e-05,0
23.09,-7.08459e-05,0
23.095,-7.42589e-05,0
23.1,-7.75418e-05,0
23.105,-8.06897e-05,0
23.11,-8.36981e-05,0
23.115,-8.65626e-05,0
23.12,-8.92791e-05,0
23.125,-9.18439e-05,0
23.13,-9.42534e-05,0
23.135,-9.65042e-05,0
23.14,-9.85933e-05,0
23.145,-0.000100518,0
23.15,-0.000102275,0
23.155,-0.000103864,0
23.16,-0.000105281,0
23.165,-0.000106525,0
23.17,-0.000107595,0
23.175,-0.000108489,0
23.18,-0.000109208,0
23.185,-0.000109749,0
23.19,-0.000110114,0
23.195,-0.000110301,0
23.2,-0.000110312,0
23.205,-0.000110146,0
23.21,-0.000109806,0
23.215,-0.000109291,0
23.22,-0.000108603,0
23.225,-0.000107745,0
23.23,-0.000106717,0
23.235,-0.000105523,0
23.24,-0.000104164,0
23.245,-0.000102643,0
23.25,-0.000100964,0
23.255,-9.91291e-05,0
23.26,-9.71424e-05,0
23.265,-9.50073e-05,0
23.27,-9.27279e-05,0
23.275,-9.03082e-05,0
23.28,-8.77526e-05,0
23.285,-8.50655e-05,0
23.29,-8.22519e-05,0
23.295,-7.93165e-05,0
23.3,-7.62645e-05,0
23.305,-7.31011e-05,0
23.31,-6.98318e-05,0
23.315,-6.64621e-05,0
23.32,-6.29978e-05,0
23.325,-5.94447e-05,0
23.33,-5.58089e-05,0
23.335,-5.20963e-05,0
23.34,-4.83131e-05,0
23.345,-4.44658e-05,0
23.35,-4.05605e-05,0
23.355,-3.66038e-05,0
23.36,-3.26021e-05,0
23.365,-2.8562e-05,0
23.37,-2.44901e-05,0
23.375,-2.03929e-05,0
23.38,-1.62771e-05,0
23.385,-1.21493e-05,0
23.39,-8.01618e-06,0
23.395,-3.88433e-06,0
23.4,2.39655e-07,0
23.405,4.34922e-06,0
23.41,8.43786e-06,0
23.415,1.24991e-05,0
23.42,1.65266e-05,0
23.425,2.0514e-05,0
23.43,2.4455e-05,0
23.435,2.83436e-05,0
23.44,3.21738e-05,0
23.445,3.59395e-05,0
23.45,3.9635e-05,0
23.455,4.32547e-05,0
23.46,4.6793e-05,0
23.465,5.02446e-05,0
23.47,5.36042e-05,0
23.475,5.68669e-05,0
23.48,6.00276e-05,0
23.485,6.30817e-05,0
23.49,6.60248e-05,0
23.495,6.88524e-05,0
23.5,7.15605e-05,0
23.505,7.41451e-05,0
23.51,7.66026e-05,0
23.515,7.89294e-05,0
23.52,8.11223e-05,0
23.525,8.31782e-05,0
23.53,8.50944e-05,0
23.535,8.68682e-05,0
23.54,8.84973e-05,0
23.545,8.99795e-05,0
23.55,9.13131e-05,0
23.555,9.24964e-05,0
23.56,9.35279e-05,0
23.565,9.44067e-05,0
23.57,9.51317e-05,0
23.575,9.57025e-05,0
23.58,9.61185e-05,0
23.585,9.63796e-05,0
23.59,9.6486e-05,0
23.595,9.6438e-05,0
23.6,9.62363e-05,0
23.605,9.58815e-05,0
23.61,9.5375e-05,0
23.615,9.47179e-05,0
23.62,9.39118e-05,0
23.625,9.29585e-05,0
23.63,9.18601e-05,0
23.635,9.06188e-05,0
23.64,8.92371e-05,0
23.645,8.77176e-05,0
23.65,8.60632e-05,0
23.655,8.42771e-05,0
23.66,8.23625e-05,0
23.665,8.0323e-05,0
23.67,7.81622e-05,0
23.675,7.58839e-05,0
23.68,7.34923e-05,0
23.685,7.09915e-05,0
23.69,6.83859e-05,0
23.695,6.56799e-05,0
23.7,6.28784e-05,0
23.705,5.9986e-05,0
23.71,5.70076e-05,0
23.715,5.39484e-05,0
23.72,5.08135e-05,0
23.725,4.76082e-05,0
23.73,4.43377e-05,0
23.735,4.10076e-05,0
23.74,3.76234e-05,0
23.745,3.41907e-05,0
23.75,3.0715e-05,0
23.755,2.72021e-05,0
23.76,2.36578e-05,0
23.765,2.00878e-05,0
23.77,1.64978e-05,0
23.775,1.28938e-05,0
23.78,9.28137e-06,0
23.785,5.66646e-06,0
23.79,2.05481e-06,0
23.795,-1.54783e-06,0
23.8,-5.13573e-06,0
23.805,-8.70322e-06,0
23.81,-1.22447e-05,0
23.815,-1.57545e-05,0
23.82,-1.92273e-05,0
23.825,-2.26575e-05,0
23.83,-2.60399e-05,0
23.835,-2.93693e-05,0
23.84,-3.26404e-05,0
23.845,-3.58482e-05,0
23.85,-3.89879e-05,0
23.855,-4.20547e-05,0
23.86,-4.5044e-05,0
23.865,-4.79511e-05,0
23.87,-5.07718e-05,0
23.875,-5.35018e-05,0
23.88,-5.61372e-05,0
23.885,-5.86739e-05,0
23.89,-6.11084e-05,0
23.895,-6.3437e-05,0
23.9,-6.56564e-05,0
23.905,-6.77635e-05,0
23.91,-6.97552e-05,0
23.915,-7.16288e-05,0
23.92,-7.33816e-05,0
23.925,-7.50113e-05,0
23.93,-7.65158e-05,0
23.935,-7.7893e-05,0
23.94,-7.91411e-05,0
23.945,-8.02587e-05,0
23.95,-8.12443e-05,0
23.955,-8.20969e-05,0
23.96,-8.28155e-05,0
23.965,-8.33995e-05,0
23.97,-8.38483e-05,0
23.975,-8.41618e-05,0
23.98,-8.43398e-05,0
23.985,-8.43826e-05,0
23.99,-8.42906e-05,0
23.995,-8.40643e-05,0
24,-8.37045e-05,0
24.005,-8.32124e-05,0
24.01,-8.25891e-05,0
24.015,-8.18361e-05,0
24.02,-8.0955e-05,0
24.025,-7.99477e-05,0
24.03,-7.88161e-05,0
24.035,-7.75626e-05,0
24.04,-7.61896e-05,0
24.045,-7.46996e-05,0
24.05,-7.30954e-05,0
24.055,-7.138e-05,0
24.06,-6.95565e-05,0
24.065,-6.76281e-05,0
24.07,-6.55984e-05,0
24.075,-6.34708e-05,0
24.08,-6.12492e-05,0
24.085,-5.89373e-05,0
24.09,-5.65393e-05,0
24.095,-5.40591e-05,0
24.1,-5.15011e-05,0
24.105,-4.88695e-05,0
24.11,-4.61689e-05,0
24.115,-4.34038e-05,0
24.12,-4.05789e-05,0
24.125,-3.76987e-05,0
24.13,-3.47682e-05,0
24.135,-3.17921e-05,0
24.14,-2.87755e-05,0
24.145,-2.57231e-05,0
24.15,-2.26401e-05,0
24.155,-1.95314e-05,0
24.16,-1.64022e-05,0
24.165,-1.32574e-05,0
24.17,-1.01021e-05,0
24.175,-6.94147e-06,0
24.18,-3.7805e-06,0
24.185,-6.24258e-07,0
24.19,2.52224e-06,0
24.195,5.65401e-06,0
24.2,8.76609e-06,0
24.205,1.18536e-05,0
24.21,1.49116e-05,0
24.215,1.79355e-05,0
24.22,2.09204e-05,0
24.225,2.38618e-05,0
24.23,2.6755e-05,0
24.235,2.95957e-05,0
24.24,3.23795e-05,0
24.245,3.51022e-05,0
24.25,3.77595e-05,0
24.255,4.03475e-05,0
24.26,4.28623e-05,0
24.265,4.53001e-05,0
24.27,4.76573e-05,0
24.275,4.99303e-05,0
24.28,5.2116e-05,0
24.285,5.4211e-05,0
24.29,5.62123e-05,0
24.295,5.81171e-05,0
24.3,5.99226e-05,0
24.305,6.16263e-05,0
24.31,6.32259e-05,0
24.315,6.4719e-05,0
24.32,6.61038e-05,0
24.325,6.73783e-05,0
24.33,6.8541e-05,0
24.335,6.95902e-05,0
24.34,7.05248e-05,0
24.345,7.13436e-05,0
24.35,7.20458e-05,0
24.355,7.26305e-05,0
24.36,7.30973e-05,0
24.365,7.34458e-05,0
24.37,7.36759e-05,0
24.375,7.37876e-05,0
24.38,7.37812e-05,0
24.385,7.36569e-05,0
24.39,7.34155e-05,0
24.395,7.30577e-05,0
24.4,7.25846e-05,0
24.405,7.19971e-05,0
24.41,7.12967e-05,0
24.415,7.04849e-05,0
24.42,6.95633e-05,0
24.425,6.85339e-05,0
24.43,6.73985e-05,0
24.435,6.61594e-05,0
24.44,6.48188e-05,0
24.445,6.33794e-05,0
24.45,6.18437e-05,0
24.455,6.02145e-05,0
24.46,5.84947e-05,0
24.465,5.66874e-05,0
24.47,5.47958e-05,0
24.475,5.28231e-05,0
24.48,5.07728e-05,0
24.485,4.86484e-05,0
24.49,4.64536e-05,0
24.495,4.41921e-05,0
24.5,4.18678e-05,0
24.505,3.94845e-05,0
24.51,3.70463e-05,0
24.515,3.45573e-05,0
24.52,3.20216e-05,0
24.525,2.94433e-05,0
24.53,2.68269e-05,0
24.535,2.41765e-05,0
24.54,2.14966e-05,0
24.545,1.87915e-05,0
24.55,1.60656e-05,0
24.555,1.33233e-05,0
24.56,1.0569e-05,0
24.565,7.80733e-06,0
24.57,5.04254e-06,0
24.575,2.27912e-06,0
24.58,-4.78542e-07,0
24.585,-3.22605e-06,0
24.59,-5.95906e-06,0
24.595,-8.67325e-06,0
24.6,-1.13644e-05,0
24.605,-1.40282e-05,0
24.61,-1.66605e-05,0
24.615,-1.92573e-05,0
24.62,-2.18145e-05,0
24.625,-2.43282e-05,0
24.63,-2.67945e-05,0
24.635,-2.92096e-05,0
24.64,-3.15699e-05,0
24.645,-3.38717e-05,0
24.65,-3.61116e-05,0
24.655,-3.82863e-05,0
24.66,-4.03924e-05,0
24.665,-4.24269e-05,0
24.67,-4.43868e-05,0
24.675,-4.62691e-05,0
24.68,-4.80711e-05,0
24.685,-4.97903e-05,0
24.69,-5.14241e-05,0
24.695,-5.29703e-05,0
24.7,-5.44266e-05,0
24.705,-5.57911e-05,0
24.71,-5.70619e-05,0
24.715,-5.82373e-05,0
24.72,-5.93157e-05,0
24.725,-6.02958e-05,0
24.73,-6.11763e-05,0
24.735,-6.19561e-05,0
24.74,-6.26343e-05,0
24.745,-6.32103e-05,0
24.75,-6.36833e-05,0
24.755,-6.40532e-05,0
24.76,-6.43195e-05,0
24.765,-6.44822e-05,0
24.77,-6.45414e-05,0
24.775,-6.44974e-05,0
24.78,-6.43506e-05,0
24.785,-6.41015e-05,0
24.79,-6.3751e-05,0
24.795,-6.32999e-05,0
24.8,-6.27492e-05,0
24.805,-6.21003e-05,0
24.81,-6.13545e-05,0
24.815,-6.05132e-05,0
24.82,-5.95782e-05,0
24.825,-5.85513e-05,0
24.83,-5.74344e-05,0
24.835,-5.62296e-05,0
24.84,-5.49392e-05,0
24.845,-5.35654e-05,0
24.85,-5.21108e-05,0
24.855,-5.0578e-05,0
24.86,-4.89696e-05,0
24.865,-4.72886e-05,0
24.87,-4.55378e-05,0
24.875,-4.37202e-05,0
24.88,-4.1839e-05,0
24.885,-3.98975e-05,0
24.89,-3.78988e-05,0
24.895,-3.58465e-05,0
24.9,-3.37439e-05,0
24.905,-3.15946e-05,0
24.91,-2.94022e-05,0
24.915,-2.71703e-05,0
24.92,-2.49027e-05,0
24.925,-2.2603e-05,0
24.93,-2.0275e-05,0
24.935,-1.79226e-05,0
24.94,-1.55496e-05,0
24.945,-1.31599e-05,0
24.95,-1.07573e-05,0
24.955,-8.34566e-06,0
24.96,-5.92893e-06,0
24.965,-3.51096e-06,0
24.97,-1.09561e-06,0
24.975,1.31326e-06,0
24.98,3.71184e-06,0
24.985,6.09632e-06,0
24.99,8.46296e-06,0
24.995,1.0808e-05,0
