time,euler_theta,euler_w,leapfrog_theta,leapfrog_w,rk4_theta,rk4_w
0.000000,5.000000e-01,0.000000e+00,5.000000e-01,0.000000e+00,5.000000e-01,0.000000e+00
0.010000,5.000000e-01,-5.000000e-03,5.000000e-01,-5.000000e-03,5.000000e-01,-5.050000e-03
0.020000,4.999500e-01,-1.000000e-02,4.999000e-01,-1.000000e-02,4.999492e-01,-1.010000e-02
0.030000,4.998500e-01,-1.499950e-02,4.998000e-01,-1.499800e-02,4.998477e-01,-1.514949e-02
0.040000,4.997000e-01,-1.999800e-02,4.996000e-01,-1.999600e-02,4.996955e-01,-2.019797e-02
0.050000,4.995000e-01,-2.499500e-02,4.994001e-01,-2.499000e-02,4.994925e-01,-2.524492e-02
0.060000,4.992501e-01,-2.999000e-02,4.991002e-01,-2.998400e-02,4.992388e-01,-3.028985e-02
0.070000,4.989502e-01,-3.498250e-02,4.988004e-01,-3.497201e-02,4.989344e-01,-3.533224e-02
0.080000,4.986003e-01,-3.997200e-02,4.984008e-01,-3.996001e-02,4.985793e-01,-4.037158e-02
0.090000,4.982006e-01,-4.495801e-02,4.980012e-01,-4.494002e-02,4.981735e-01,-4.540737e-02
0.100000,4.977510e-01,-4.994001e-02,4.975020e-01,-4.992003e-02,4.977172e-01,-5.043911e-02
0.110000,4.972516e-01,-5.491752e-02,4.970028e-01,-5.489006e-02,4.972102e-01,-5.546628e-02
0.120000,4.967025e-01,-5.989004e-02,4.964042e-01,-5.986009e-02,4.966528e-01,-6.048838e-02
0.130000,4.961036e-01,-6.485706e-02,4.958056e-01,-6.481815e-02,4.960449e-01,-6.550491e-02
0.140000,4.954550e-01,-6.981810e-02,4.951078e-01,-6.977620e-02,4.953866e-01,-7.051536e-02
0.150000,4.947568e-01,-7.477265e-02,4.944101e-01,-7.472030e-02,4.946779e-01,-7.551923e-02
0.160000,4.940091e-01,-7.972022e-02,4.936134e-01,-7.966440e-02,4.939189e-01,-8.051600e-02
0.170000,4.932119e-01,-8.466031e-02,4.928168e-01,-8.459257e-02,4.931097e-01,-8.550519e-02
0.180000,4.923653e-01,-8.959243e-02,4.919216e-01,-8.952074e-02,4.922503e-01,-9.048629e-02
0.190000,4.914694e-01,-9.451608e-02,4.910264e-01,-9.443100e-02,4.913409e-01,-9.545879e-02
0.200000,4.905242e-01,-9.943077e-02,4.900330e-01,-9.934127e-02,4.903816e-01,-1.004222e-01
0.210000,4.895299e-01,-1.043360e-01,4.890395e-01,-1.042317e-01,4.893723e-01,-1.053760e-01
0.220000,4.884865e-01,-1.092313e-01,4.879483e-01,-1.091221e-01,4.883133e-01,-1.103197e-01
0.230000,4.873942e-01,-1.141162e-01,4.868571e-01,-1.139906e-01,4.872045e-01,-1.152529e-01
0.240000,4.862531e-01,-1.189901e-01,4.856685e-01,-1.188592e-01,4.860462e-01,-1.201749e-01
0.250000,4.850632e-01,-1.238527e-01,4.844799e-01,-1.237040e-01,4.848384e-01,-1.250854e-01
0.260000,4.838246e-01,-1.287033e-01,4.831944e-01,-1.285488e-01,4.835813e-01,-1.299838e-01
0.270000,4.825376e-01,-1.335415e-01,4.819089e-01,-1.333679e-01,4.822749e-01,-1.348696e-01
0.280000,4.812022e-01,-1.383669e-01,4.805271e-01,-1.381870e-01,4.809195e-01,-1.397423e-01
0.290000,4.798185e-01,-1.431789e-01,4.791452e-01,-1.429784e-01,4.795150e-01,-1.446015e-01
0.300000,4.783867e-01,-1.479771e-01,4.776675e-01,-1.477699e-01,4.780618e-01,-1.494467e-01
0.310000,4.769070e-01,-1.527610e-01,4.761898e-01,-1.525318e-01,4.765598e-01,-1.542773e-01
0.320000,4.753793e-01,-1.575301e-01,4.746169e-01,-1.572937e-01,4.750093e-01,-1.590929e-01
0.330000,4.738040e-01,-1.622838e-01,4.730439e-01,-1.620241e-01,4.734104e-01,-1.638930e-01
0.340000,4.721812e-01,-1.670219e-01,4.713764e-01,-1.667546e-01,4.717632e-01,-1.686771e-01
0.350000,4.705110e-01,-1.717437e-01,4.697088e-01,-1.714516e-01,4.700680e-01,-1.734447e-01
0.360000,4.687936e-01,-1.764488e-01,4.679474e-01,-1.761487e-01,4.683249e-01,-1.781954e-01
0.370000,4.670291e-01,-1.811367e-01,4.661859e-01,-1.808106e-01,4.665340e-01,-1.829286e-01
0.380000,4.652177e-01,-1.858070e-01,4.643311e-01,-1.854724e-01,4.646955e-01,-1.876440e-01
0.390000,4.633596e-01,-1.904592e-01,4.624764e-01,-1.900972e-01,4.628096e-01,-1.923409e-01
0.400000,4.614550e-01,-1.950928e-01,4.605292e-01,-1.947220e-01,4.608766e-01,-1.970190e-01
0.410000,4.595041e-01,-1.997074e-01,4.585820e-01,-1.993078e-01,4.588965e-01,-2.016778e-01
0.420000,4.575070e-01,-2.043024e-01,4.565430e-01,-2.038936e-01,4.568696e-01,-2.063168e-01
0.430000,4.554640e-01,-2.088775e-01,4.545041e-01,-2.084387e-01,4.547961e-01,-2.109355e-01
0.440000,4.533752e-01,-2.134321e-01,4.523743e-01,-2.129837e-01,4.526762e-01,-2.155334e-01
0.450000,4.512409e-01,-2.179659e-01,4.502444e-01,-2.174861e-01,4.505100e-01,-2.201102e-01
0.460000,4.490613e-01,-2.224783e-01,4.480245e-01,-2.219886e-01,4.482979e-01,-2.246653e-01
0.470000,4.468365e-01,-2.269689e-01,4.458047e-01,-2.264466e-01,4.460400e-01,-2.291983e-01
0.480000,4.445668e-01,-2.314372e-01,4.434956e-01,-2.309047e-01,4.437365e-01,-2.337087e-01
0.490000,4.422524e-01,-2.358829e-01,4.411866e-01,-2.353165e-01,4.413877e-01,-2.381960e-01
0.500000,4.398936e-01,-2.403054e-01,4.387893e-01,-2.397284e-01,4.389937e-01,-2.426599e-01
0.510000,4.374905e-01,-2.447044e-01,4.363920e-01,-2.440923e-01,4.365550e-01,-2.470998e-01
0.520000,4.350435e-01,-2.490793e-01,4.339074e-01,-2.484563e-01,4.340716e-01,-2.515154e-01
0.530000,4.325527e-01,-2.534297e-01,4.314229e-01,-2.527705e-01,4.315438e-01,-2.559061e-01
0.540000,4.300184e-01,-2.577552e-01,4.288520e-01,-2.570847e-01,4.289719e-01,-2.602715e-01
0.550000,4.274408e-01,-2.620554e-01,4.262812e-01,-2.613475e-01,4.263561e-01,-2.646113e-01
0.560000,4.248203e-01,-2.663298e-01,4.236251e-01,-2.656103e-01,4.236968e-01,-2.689248e-01
0.570000,4.221570e-01,-2.705780e-01,4.209690e-01,-2.698200e-01,4.209940e-01,-2.732118e-01
0.580000,4.194512e-01,-2.747996e-01,4.182287e-01,-2.740297e-01,4.182482e-01,-2.774717e-01
0.590000,4.167032e-01,-2.789941e-01,4.154884e-01,-2.781846e-01,4.154595e-01,-2.817042e-01
0.600000,4.139133e-01,-2.831612e-01,4.126650e-01,-2.823395e-01,4.126284e-01,-2.859088e-01
0.610000,4.110817e-01,-2.873003e-01,4.098416e-01,-2.864379e-01,4.097549e-01,-2.900851e-01
0.620000,4.082087e-01,-2.914111e-01,4.069362e-01,-2.905363e-01,4.068395e-01,-2.942326e-01
0.630000,4.052945e-01,-2.954932e-01,4.040309e-01,-2.945766e-01,4.038825e-01,-2.983510e-01
0.640000,4.023396e-01,-2.995461e-01,4.010447e-01,-2.986169e-01,4.008840e-01,-3.024399e-01
0.650000,3.993442e-01,-3.035695e-01,3.980585e-01,-3.025975e-01,3.978444e-01,-3.064987e-01
0.660000,3.963085e-01,-3.075630e-01,3.949927e-01,-3.065781e-01,3.947640e-01,-3.105272e-01
0.670000,3.932328e-01,-3.115261e-01,3.919270e-01,-3.104974e-01,3.916432e-01,-3.145248e-01
0.680000,3.901176e-01,-3.154584e-01,3.887828e-01,-3.144166e-01,3.884822e-01,-3.184912e-01
0.690000,3.869630e-01,-3.193596e-01,3.856386e-01,-3.182730e-01,3.852813e-01,-3.224260e-01
0.700000,3.837694e-01,-3.232292e-01,3.824173e-01,-3.221294e-01,3.820408e-01,-3.263289e-01
0.710000,3.805371e-01,-3.270669e-01,3.791960e-01,-3.259214e-01,3.787612e-01,-3.301993e-01
0.720000,3.772664e-01,-3.308723e-01,3.758989e-01,-3.297133e-01,3.754426e-01,-3.340369e-01
0.730000,3.739577e-01,-3.346449e-01,3.726018e-01,-3.334394e-01,3.720855e-01,-3.378413e-01
0.740000,3.706113e-01,-3.383845e-01,3.692301e-01,-3.371654e-01,3.686901e-01,-3.416122e-01
0.750000,3.672274e-01,-3.420906e-01,3.658585e-01,-3.408240e-01,3.652569e-01,-3.453491e-01
0.760000,3.638065e-01,-3.457629e-01,3.624136e-01,-3.444825e-01,3.617861e-01,-3.490516e-01
0.770000,3.603489e-01,-3.494009e-01,3.589688e-01,-3.480722e-01,3.582780e-01,-3.527195e-01
0.780000,3.568549e-01,-3.530044e-01,3.554522e-01,-3.516619e-01,3.547331e-01,-3.563523e-01
0.790000,3.533248e-01,-3.565730e-01,3.519356e-01,-3.551813e-01,3.511517e-01,-3.599496e-01
0.800000,3.497591e-01,-3.601062e-01,3.483486e-01,-3.587006e-01,3.475342e-01,-3.635111e-01
0.810000,3.461580e-01,-3.636038e-01,3.447616e-01,-3.621482e-01,3.438808e-01,-3.670365e-01
0.820000,3.425220e-01,-3.670654e-01,3.411056e-01,-3.655959e-01,3.401921e-01,-3.705253e-01
0.830000,3.388513e-01,-3.704906e-01,3.374496e-01,-3.689704e-01,3.364682e-01,-3.739772e-01
0.840000,3.351464e-01,-3.738791e-01,3.337262e-01,-3.723449e-01,3.327097e-01,-3.773919e-01
0.850000,3.314076e-01,-3.772306e-01,3.300028e-01,-3.756449e-01,3.289168e-01,-3.807690e-01
0.860000,3.276353e-01,-3.805447e-01,3.262133e-01,-3.789449e-01,3.250900e-01,-3.841081e-01
0.870000,3.238299e-01,-3.838210e-01,3.224239e-01,-3.821691e-01,3.212297e-01,-3.874090e-01
0.880000,3.199917e-01,-3.870593e-01,3.185699e-01,-3.853934e-01,3.173362e-01,-3.906713e-01
0.890000,3.161211e-01,-3.902592e-01,3.147160e-01,-3.885405e-01,3.134099e-01,-3.938947e-01
0.900000,3.122185e-01,-3.934205e-01,3.107991e-01,-3.916877e-01,3.094511e-01,-3.970788e-01
0.910000,3.082843e-01,-3.965426e-01,3.068822e-01,-3.947565e-01,3.054604e-01,-4.002233e-01
0.920000,3.043189e-01,-3.996255e-01,3.029040e-01,-3.978253e-01,3.014381e-01,-4.033279e-01
0.930000,3.003226e-01,-4.026687e-01,2.989257e-01,-4.008146e-01,2.973846e-01,-4.063923e-01
0.940000,2.962959e-01,-4.056719e-01,2.948877e-01,-4.038039e-01,2.933003e-01,-4.094161e-01
0.950000,2.922392e-01,-4.086349e-01,2.908496e-01,-4.067124e-01,2.891856e-01,-4.123991e-01
0.960000,2.881528e-01,-4.115573e-01,2.867534e-01,-4.096209e-01,2.850409e-01,-4.153410e-01
0.970000,2.840373e-01,-4.144388e-01,2.826572e-01,-4.124474e-01,2.808667e-01,-4.182414e-01
0.980000,2.798929e-01,-4.172792e-01,2.785045e-01,-4.152740e-01,2.766633e-01,-4.211001e-01
0.990000,2.757201e-01,-4.200781e-01,2.743518e-01,-4.180175e-01,2.724312e-01,-4.239167e-01
1.000000,2.715193e-01,-4.228353e-01,2.701441e-01,-4.207610e-01,2.681707e-01,-4.266910e-01
1.010000,2.672910e-01,-4.255505e-01,2.659365e-01,-4.234204e-01,2.638824e-01,-4.294227e-01
1.020000,2.630355e-01,-4.282234e-01,2.616757e-01,-4.260798e-01,2.595666e-01,-4.321115e-01
1.030000,2.587532e-01,-4.308537e-01,2.574149e-01,-4.286539e-01,2.552238e-01,-4.347572e-01
1.040000,2.544447e-01,-4.334413e-01,2.531027e-01,-4.312281e-01,2.508545e-01,-4.373595e-01
1.050000,2.501103e-01,-4.359857e-01,2.487904e-01,-4.337160e-01,2.464589e-01,-4.399180e-01
1.060000,2.457504e-01,-4.384868e-01,2.444283e-01,-4.362039e-01,2.420377e-01,-4.424326e-01
1.070000,2.413656e-01,-4.409443e-01,2.400663e-01,-4.386045e-01,2.375912e-01,-4.449030e-01
1.080000,2.369561e-01,-4.433580e-01,2.356562e-01,-4.410052e-01,2.331198e-01,-4.473289e-01
1.090000,2.325225e-01,-4.457275e-01,2.312462e-01,-4.433177e-01,2.286241e-01,-4.497101e-01
1.100000,2.280653e-01,-4.480528e-01,2.267899e-01,-4.456301e-01,2.241044e-01,-4.520463e-01
1.110000,2.235847e-01,-4.503334e-01,2.223336e-01,-4.478535e-01,2.195613e-01,-4.543374e-01
1.120000,2.190814e-01,-4.525693e-01,2.178328e-01,-4.500768e-01,2.149951e-01,-4.565830e-01
1.130000,2.145557e-01,-4.547601e-01,2.133321e-01,-4.522101e-01,2.104064e-01,-4.587829e-01
1.140000,2.100081e-01,-4.569056e-01,2.087886e-01,-4.543434e-01,2.057955e-01,-4.609370e-01
1.150000,2.054390e-01,-4.590057e-01,2.042452e-01,-4.563859e-01,2.011630e-01,-4.630449e-01
1.160000,2.008490e-01,-4.610601e-01,1.996609e-01,-4.584283e-01,1.965094e-01,-4.651066e-01
1.170000,1.962384e-01,-4.630686e-01,1.950766e-01,-4.603791e-01,1.918350e-01,-4.671217e-01
1.180000,1.916077e-01,-4.650310e-01,1.904533e-01,-4.623299e-01,1.871403e-01,-4.690900e-01
1.190000,1.869574e-01,-4.669471e-01,1.858300e-01,-4.641882e-01,1.824259e-01,-4.710114e-01
1.200000,1.822879e-01,-4.688166e-01,1.811696e-01,-4.660465e-01,1.776921e-01,-4.728857e-01
1.210000,1.775997e-01,-4.706395e-01,1.765091e-01,-4.678116e-01,1.729395e-01,-4.747126e-01
1.220000,1.728934e-01,-4.724155e-01,1.718133e-01,-4.695767e-01,1.681686e-01,-4.764920e-01
1.230000,1.681692e-01,-4.741444e-01,1.671176e-01,-4.712478e-01,1.633798e-01,-4.782237e-01
1.240000,1.634278e-01,-4.758261e-01,1.623884e-01,-4.729190e-01,1.585736e-01,-4.799075e-01
1.250000,1.586695e-01,-4.774604e-01,1.576592e-01,-4.744956e-01,1.537504e-01,-4.815432e-01
1.260000,1.538949e-01,-4.790471e-01,1.528985e-01,-4.760722e-01,1.489108e-01,-4.831307e-01
1.270000,1.491044e-01,-4.805861e-01,1.481377e-01,-4.775536e-01,1.440553e-01,-4.846698e-01
1.280000,1.442986e-01,-4.820771e-01,1.433474e-01,-4.790349e-01,1.391843e-01,-4.861604e-01
1.290000,1.394778e-01,-4.835201e-01,1.385570e-01,-4.804205e-01,1.342983e-01,-4.876022e-01
1.300000,1.346426e-01,-4.849149e-01,1.337390e-01,-4.818061e-01,1.293978e-01,-4.889952e-01
1.310000,1.297934e-01,-4.862613e-01,1.289209e-01,-4.830953e-01,1.244833e-01,-4.903392e-01
1.320000,1.249308e-01,-4.875592e-01,1.240771e-01,-4.843845e-01,1.195553e-01,-4.916340e-01
1.330000,1.200552e-01,-4.888085e-01,1.192332e-01,-4.855768e-01,1.146143e-01,-4.928796e-01
1.340000,1.151671e-01,-4.900091e-01,1.143655e-01,-4.867692e-01,1.096608e-01,-4.940757e-01
1.350000,1.102671e-01,-4.911608e-01,1.094978e-01,-4.878641e-01,1.046952e-01,-4.952223e-01
1.360000,1.053554e-01,-4.922634e-01,1.046082e-01,-4.889591e-01,9.971817e-02,-4.963193e-01
1.370000,1.004328e-01,-4.933170e-01,9.971866e-02,-4.899563e-01,9.473008e-02,-4.973665e-01
1.380000,9.549964e-02,-4.943213e-01,9.480912e-02,-4.909535e-01,8.973146e-02,-4.983638e-01
1.390000,9.055643e-02,-4.952763e-01,8.989959e-02,-4.918525e-01,8.472282e-02,-4.993111e-01
1.400000,8.560367e-02,-4.961819e-01,8.497207e-02,-4.927515e-01,7.970466e-02,-5.002083e-01
1.410000,8.064185e-02,-4.970379e-01,8.004456e-02,-4.935519e-01,7.467749e-02,-5.010553e-01
1.420000,7.567147e-02,-4.978443e-01,7.510104e-02,-4.943524e-01,6.964180e-02,-5.018521e-01
1.430000,7.069303e-02,-4.986010e-01,7.015751e-02,-4.950540e-01,6.459810e-02,-5.025985e-01
1.440000,6.570702e-02,-4.993080e-01,6.519996e-02,-4.957555e-01,5.954690e-02,-5.032945e-01
1.450000,6.071394e-02,-4.999650e-01,6.024240e-02,-4.963580e-01,5.448871e-02,-5.039400e-01
1.460000,5.571429e-02,-5.005722e-01,5.527280e-02,-4.969604e-01,4.942403e-02,-5.045349e-01
1.470000,5.070856e-02,-5.011293e-01,5.030319e-02,-4.974634e-01,4.435337e-02,-5.050791e-01
1.480000,4.569727e-02,-5.016364e-01,4.532353e-02,-4.979664e-01,3.927724e-02,-5.055726e-01
1.490000,4.068091e-02,-5.020934e-01,4.034386e-02,-4.983699e-01,3.419615e-02,-5.060154e-01
1.500000,3.565997e-02,-5.025002e-01,3.535613e-02,-4.987733e-01,2.911061e-02,-5.064074e-01
1.510000,3.063497e-02,-5.028568e-01,3.036840e-02,-4.990770e-01,2.402113e-02,-5.067485e-01
1.520000,2.560640e-02,-5.031631e-01,2.537459e-02,-4.993807e-01,1.892822e-02,-5.070387e-01
1.530000,2.057477e-02,-5.034192e-01,2.038078e-02,-4.995845e-01,1.383240e-02,-5.072780e-01
1.540000,1.554058e-02,-5.036250e-01,1.538290e-02,-4.997883e-01,8.734169e-03,-5.074663e-01
1.550000,1.050433e-02,-5.037804e-01,1.038502e-02,-4.998922e-01,3.634048e-03,-5.076036e-01
1.560000,5.466526e-03,-5.038854e-01,5.385059e-03,-4.999960e-01,-1.467454e-03,-5.076900e-01
1.570000,4.276724e-04,-5.039401e-01,3.850987e-04,-4.999999e-01,-6.569823e-03,-5.077253e-01
1.580000,-4.611728e-03,-5.039443e-01,-4.614938e-03,-5.000037e-01,-1.167255e-02,-5.077096e-01
1.590000,-9.651172e-03,-5.038982e-01,-9.614975e-03,-4.999076e-01,-1.677511e-02,-5.076429e-01
1.600000,-1.469015e-02,-5.038017e-01,-1.461309e-02,-4.998114e-01,-2.187701e-02,-5.075251e-01
1.610000,-1.972817e-02,-5.036548e-01,-1.961120e-02,-4.996153e-01,-2.697772e-02,-5.073564e-01
1.620000,-2.476472e-02,-5.034575e-01,-2.460540e-02,-4.994192e-01,-3.207674e-02,-5.071366e-01
1.630000,-2.979929e-02,-5.032099e-01,-2.959959e-02,-4.991232e-01,-3.717355e-02,-5.068658e-01
1.640000,-3.483139e-02,-5.029119e-01,-3.458786e-02,-4.988272e-01,-4.226763e-02,-5.065441e-01
1.650000,-3.986051e-02,-5.025636e-01,-3.957613e-02,-4.984314e-01,-4.735848e-02,-5.061714e-01
1.660000,-4.488615e-02,-5.021650e-01,-4.455649e-02,-4.980357e-01,-5.244559e-02,-5.057478e-01
1.670000,-4.990780e-02,-5.017161e-01,-4.953684e-02,-4.975403e-01,-5.752844e-02,-5.052734e-01
1.680000,-5.492496e-02,-5.012170e-01,-5.450729e-02,-4.970449e-01,-6.260652e-02,-5.047481e-01
1.690000,-5.993713e-02,-5.006678e-01,-5.947774e-02,-4.964502e-01,-6.767933e-02,-5.041720e-01
1.700000,-6.494381e-02,-5.000684e-01,-6.443630e-02,-4.958554e-01,-7.274634e-02,-5.035452e-01
1.710000,-6.994449e-02,-4.994190e-01,-6.939485e-02,-4.951614e-01,-7.780705e-02,-5.028678e-01
1.720000,-7.493868e-02,-4.987195e-01,-7.433952e-02,-4.944675e-01,-8.286096e-02,-5.021397e-01
1.730000,-7.992588e-02,-4.979701e-01,-7.928420e-02,-4.936746e-01,-8.790755e-02,-5.013611e-01
1.740000,-8.490558e-02,-4.971709e-01,-8.421302e-02,-4.928818e-01,-9.294631e-02,-5.005320e-01
1.750000,-8.987729e-02,-4.963218e-01,-8.914184e-02,-4.919904e-01,-9.797674e-02,-4.996525e-01
1.760000,-9.484050e-02,-4.954231e-01,-9.405282e-02,-4.910990e-01,-1.029983e-01,-4.987228e-01
1.770000,-9.979474e-02,-4.944746e-01,-9.896381e-02,-4.901093e-01,-1.080106e-01,-4.977428e-01
1.780000,-1.047395e-01,-4.934767e-01,-1.038550e-01,-4.891197e-01,-1.130130e-01,-4.967127e-01
1.790000,-1.096742e-01,-4.924293e-01,-1.087462e-01,-4.880322e-01,-1.180050e-01,-4.956326e-01
1.800000,-1.145985e-01,-4.913326e-01,-1.136157e-01,-4.869448e-01,-1.229862e-01,-4.945025e-01
1.810000,-1.195119e-01,-4.901866e-01,-1.184851e-01,-4.857599e-01,-1.279560e-01,-4.933226e-01
1.820000,-1.244137e-01,-4.889915e-01,-1.233309e-01,-4.845751e-01,-1.329140e-01,-4.920931e-01
1.830000,-1.293036e-01,-4.877473e-01,-1.281766e-01,-4.832933e-01,-1.378596e-01,-4.908139e-01
1.840000,-1.341811e-01,-4.864543e-01,-1.329967e-01,-4.820115e-01,-1.427924e-01,-4.894853e-01
1.850000,-1.390457e-01,-4.851125e-01,-1.378168e-01,-4.806334e-01,-1.477118e-01,-4.881074e-01
1.860000,-1.438968e-01,-4.837220e-01,-1.426094e-01,-4.792552e-01,-1.526174e-01,-4.866803e-01
1.870000,-1.487340e-01,-4.822831e-01,-1.474019e-01,-4.777812e-01,-1.575086e-01,-4.852041e-01
1.880000,-1.535568e-01,-4.807957e-01,-1.521650e-01,-4.763071e-01,-1.623850e-01,-4.836790e-01
1.890000,-1.583648e-01,-4.792601e-01,-1.569281e-01,-4.747379e-01,-1.672460e-01,-4.821052e-01
1.900000,-1.631574e-01,-4.776765e-01,-1.616598e-01,-4.731686e-01,-1.720913e-01,-4.804827e-01
1.910000,-1.679342e-01,-4.760449e-01,-1.663915e-01,-4.715047e-01,-1.769202e-01,-4.788118e-01
1.920000,-1.726946e-01,-4.743656e-01,-1.710899e-01,-4.698408e-01,-1.817323e-01,-4.770926e-01
1.930000,-1.774383e-01,-4.726386e-01,-1.757883e-01,-4.680829e-01,-1.865272e-01,-4.753253e-01
1.940000,-1.821647e-01,-4.708643e-01,-1.804515e-01,-4.663250e-01,-1.913043e-01,-4.735100e-01
1.950000,-1.868733e-01,-4.690426e-01,-1.851148e-01,-4.644738e-01,-1.960631e-01,-4.716470e-01
1.960000,-1.915637e-01,-4.671739e-01,-1.897410e-01,-4.626227e-01,-2.008033e-01,-4.697364e-01
1.970000,-1.962355e-01,-4.652582e-01,-1.943672e-01,-4.606790e-01,-2.055242e-01,-4.677783e-01
1.980000,-2.008880e-01,-4.632959e-01,-1.989546e-01,-4.587353e-01,-2.102255e-01,-4.657731e-01
1.990000,-2.055210e-01,-4.612870e-01,-2.035419e-01,-4.566999e-01,-2.149066e-01,-4.637208e-01
2.000000,-2.101339e-01,-4.592318e-01,-2.080886e-01,-4.546645e-01,-2.195670e-01,-4.616218e-01
2.010000,-2.147262e-01,-4.571304e-01,-2.126352e-01,-4.525382e-01,-2.242064e-01,-4.594761e-01
2.020000,-2.192975e-01,-4.549832e-01,-2.171393e-01,-4.504118e-01,-2.288242e-01,-4.572840e-01
2.030000,-2.238473e-01,-4.527902e-01,-2.216435e-01,-4.481954e-01,-2.334200e-01,-4.550458e-01
2.040000,-2.283752e-01,-4.505517e-01,-2.261032e-01,-4.459789e-01,-2.379933e-01,-4.527616e-01
2.050000,-2.328807e-01,-4.482680e-01,-2.305630e-01,-4.436733e-01,-2.425436e-01,-4.504316e-01
2.060000,-2.373634e-01,-4.459392e-01,-2.349767e-01,-4.413677e-01,-2.470705e-01,-4.480562e-01
2.070000,-2.418228e-01,-4.435655e-01,-2.393904e-01,-4.389738e-01,-2.515736e-01,-4.456355e-01
2.080000,-2.462585e-01,-4.411473e-01,-2.437562e-01,-4.365799e-01,-2.560523e-01,-4.431698e-01
2.090000,-2.506699e-01,-4.386847e-01,-2.481220e-01,-4.340986e-01,-2.605062e-01,-4.406592e-01
2.100000,-2.550568e-01,-4.361780e-01,-2.524382e-01,-4.316174e-01,-2.649349e-01,-4.381042e-01
2.110000,-2.594186e-01,-4.336275e-01,-2.567543e-01,-4.290499e-01,-2.693379e-01,-4.355048e-01
2.120000,-2.637548e-01,-4.310333e-01,-2.610192e-01,-4.264823e-01,-2.737148e-01,-4.328615e-01
2.130000,-2.680652e-01,-4.283957e-01,-2.652840e-01,-4.238295e-01,-2.780652e-01,-4.301743e-01
2.140000,-2.723491e-01,-4.257151e-01,-2.694957e-01,-4.211767e-01,-2.823885e-01,-4.274437e-01
2.150000,-2.766063e-01,-4.229916e-01,-2.737075e-01,-4.184396e-01,-2.866844e-01,-4.246698e-01
2.160000,-2.808362e-01,-4.202255e-01,-2.778645e-01,-4.157025e-01,-2.909524e-01,-4.218529e-01
2.170000,-2.850385e-01,-4.174172e-01,-2.820216e-01,-4.128823e-01,-2.951920e-01,-4.189934e-01
2.180000,-2.892126e-01,-4.145668e-01,-2.861222e-01,-4.100621e-01,-2.994030e-01,-4.160915e-01
2.190000,-2.933583e-01,-4.116747e-01,-2.902228e-01,-4.071599e-01,-3.035848e-01,-4.131475e-01
2.200000,-2.974750e-01,-4.087411e-01,-2.942654e-01,-4.042576e-01,-3.077370e-01,-4.101616e-01
2.210000,-3.015625e-01,-4.057663e-01,-2.983080e-01,-4.012745e-01,-3.118592e-01,-4.071342e-01
2.220000,-3.056201e-01,-4.027507e-01,-3.022909e-01,-3.982915e-01,-3.159510e-01,-4.040656e-01
2.230000,-3.096476e-01,-3.996945e-01,-3.062738e-01,-3.952287e-01,-3.200119e-01,-4.009561e-01
2.240000,-3.136446e-01,-3.965980e-01,-3.101954e-01,-3.921660e-01,-3.240416e-01,-3.978060e-01
2.250000,-3.176106e-01,-3.934616e-01,-3.141171e-01,-3.890248e-01,-3.280396e-01,-3.946156e-01
2.260000,-3.215452e-01,-3.902855e-01,-3.179759e-01,-3.858836e-01,-3.320055e-01,-3.913852e-01
2.270000,-3.254480e-01,-3.870700e-01,-3.218348e-01,-3.826653e-01,-3.359390e-01,-3.881152e-01
2.280000,-3.293187e-01,-3.838155e-01,-3.256292e-01,-3.794470e-01,-3.398396e-01,-3.848058e-01
2.290000,-3.331569e-01,-3.805223e-01,-3.294237e-01,-3.761527e-01,-3.437070e-01,-3.814574e-01
2.300000,-3.369621e-01,-3.771908e-01,-3.331523e-01,-3.728585e-01,-3.475407e-01,-3.780703e-01
2.310000,-3.407340e-01,-3.738212e-01,-3.368809e-01,-3.694897e-01,-3.513404e-01,-3.746449e-01
2.320000,-3.444722e-01,-3.704138e-01,-3.405421e-01,-3.661209e-01,-3.551056e-01,-3.711815e-01
2.330000,-3.481764e-01,-3.669691e-01,-3.442033e-01,-3.626788e-01,-3.588361e-01,-3.676804e-01
2.340000,-3.518461e-01,-3.634873e-01,-3.477957e-01,-3.592368e-01,-3.625313e-01,-3.641421e-01
2.350000,-3.554809e-01,-3.599689e-01,-3.513880e-01,-3.557229e-01,-3.661910e-01,-3.605668e-01
2.360000,-3.590806e-01,-3.564141e-01,-3.549101e-01,-3.522090e-01,-3.698148e-01,-3.569548e-01
2.370000,-3.626448e-01,-3.528233e-01,-3.584322e-01,-3.486247e-01,-3.734022e-01,-3.533067e-01
2.380000,-3.661730e-01,-3.491968e-01,-3.618826e-01,-3.450404e-01,-3.769530e-01,-3.496227e-01
2.390000,-3.696650e-01,-3.455351e-01,-3.653330e-01,-3.413871e-01,-3.804668e-01,-3.459031e-01
2.400000,-3.731203e-01,-3.418384e-01,-3.687104e-01,-3.377337e-01,-3.839431e-01,-3.421485e-01
2.410000,-3.765387e-01,-3.381072e-01,-3.720877e-01,-3.340129e-01,-3.873818e-01,-3.383590e-01
2.420000,-3.799198e-01,-3.343418e-01,-3.753906e-01,-3.302920e-01,-3.907824e-01,-3.345352e-01
2.430000,-3.832632e-01,-3.305426e-01,-3.786935e-01,-3.265050e-01,-3.941445e-01,-3.306774e-01
2.440000,-3.865686e-01,-3.267100e-01,-3.819207e-01,-3.227181e-01,-3.974679e-01,-3.267860e-01
2.450000,-3.898357e-01,-3.228443e-01,-3.851479e-01,-3.188666e-01,-4.007521e-01,-3.228613e-01
2.460000,-3.930641e-01,-3.189460e-01,-3.882981e-01,-3.150151e-01,-4.039969e-01,-3.189038e-01
2.470000,-3.962536e-01,-3.150153e-01,-3.914482e-01,-3.111007e-01,-4.072020e-01,-3.149138e-01
2.480000,-3.994038e-01,-3.110528e-01,-3.945201e-01,-3.071862e-01,-4.103669e-01,-3.108918e-01
2.490000,-4.025143e-01,-3.070587e-01,-3.975919e-01,-3.032103e-01,-4.134914e-01,-3.068381e-01
2.500000,-4.055849e-01,-3.030336e-01,-4.005843e-01,-2.992343e-01,-4.165752e-01,-3.027532e-01
2.510000,-4.086152e-01,-2.989778e-01,-4.035766e-01,-2.951986e-01,-4.196179e-01,-2.986374e-01
2.520000,-4.116050e-01,-2.948916e-01,-4.064882e-01,-2.911628e-01,-4.226193e-01,-2.944913e-01
2.530000,-4.145539e-01,-2.907756e-01,-4.093999e-01,-2.870688e-01,-4.255789e-01,-2.903151e-01
2.540000,-4.174617e-01,-2.866300e-01,-4.122296e-01,-2.829748e-01,-4.284967e-01,-2.861093e-01
2.550000,-4.203280e-01,-2.824554e-01,-4.150594e-01,-2.788242e-01,-4.313721e-01,-2.818743e-01
2.560000,-4.231525e-01,-2.782521e-01,-4.178061e-01,-2.746736e-01,-4.342050e-01,-2.776106e-01
2.570000,-4.259350e-01,-2.740206e-01,-4.205528e-01,-2.704681e-01,-4.369950e-01,-2.733185e-01
2.580000,-4.286752e-01,-2.697612e-01,-4.232155e-01,-2.662626e-01,-4.397419e-01,-2.689986e-01
2.590000,-4.313729e-01,-2.654745e-01,-4.258781e-01,-2.620038e-01,-4.424454e-01,-2.646512e-01
2.600000,-4.340276e-01,-2.611608e-01,-4.284555e-01,-2.577450e-01,-4.451052e-01,-2.602767e-01
2.610000,-4.366392e-01,-2.568205e-01,-4.310330e-01,-2.534347e-01,-4.477210e-01,-2.558757e-01
2.620000,-4.392074e-01,-2.524541e-01,-4.335242e-01,-2.491243e-01,-4.502926e-01,-2.514485e-01
2.630000,-4.417320e-01,-2.480620e-01,-4.360155e-01,-2.447642e-01,-4.528197e-01,-2.469955e-01
2.640000,-4.442126e-01,-2.436447e-01,-4.384195e-01,-2.404040e-01,-4.553021e-01,-2.425173e-01
2.650000,-4.466490e-01,-2.392026e-01,-4.408236e-01,-2.359958e-01,-4.577394e-01,-2.380143e-01
2.660000,-4.490410e-01,-2.347361e-01,-4.431394e-01,-2.315876e-01,-4.601315e-01,-2.334869e-01
2.670000,-4.513884e-01,-2.302457e-01,-4.454553e-01,-2.271330e-01,-4.624781e-01,-2.289356e-01
2.680000,-4.536909e-01,-2.257318e-01,-4.476821e-01,-2.226785e-01,-4.647789e-01,-2.243608e-01
2.690000,-4.559482e-01,-2.211949e-01,-4.499089e-01,-2.181794e-01,-4.670338e-01,-2.197630e-01
2.700000,-4.581601e-01,-2.166354e-01,-4.520457e-01,-2.136803e-01,-4.692424e-01,-2.151427e-01
2.710000,-4.603265e-01,-2.120538e-01,-4.541825e-01,-2.091385e-01,-4.714046e-01,-2.105003e-01
2.720000,-4.624470e-01,-2.074505e-01,-4.562285e-01,-2.045966e-01,-4.735202e-01,-2.058362e-01
2.730000,-4.645215e-01,-2.028261e-01,-4.582744e-01,-2.000139e-01,-4.755889e-01,-2.011510e-01
2.740000,-4.665498e-01,-1.981808e-01,-4.602287e-01,-1.954311e-01,-4.776105e-01,-1.964451e-01
2.750000,-4.685316e-01,-1.935154e-01,-4.621830e-01,-1.908093e-01,-4.795848e-01,-1.917190e-01
2.760000,-4.704668e-01,-1.888300e-01,-4.640449e-01,-1.861875e-01,-4.815116e-01,-1.869732e-01
2.770000,-4.723551e-01,-1.841254e-01,-4.659068e-01,-1.815284e-01,-4.833907e-01,-1.822081e-01
2.780000,-4.741963e-01,-1.794018e-01,-4.676755e-01,-1.768693e-01,-4.852219e-01,-1.774242e-01
2.790000,-4.759903e-01,-1.746599e-01,-4.694442e-01,-1.721749e-01,-4.870051e-01,-1.726219e-01
2.800000,-4.777369e-01,-1.699000e-01,-4.711190e-01,-1.674805e-01,-4.887400e-01,-1.678019e-01
2.810000,-4.794359e-01,-1.651226e-01,-4.727938e-01,-1.627525e-01,-4.904264e-01,-1.629645e-01
2.820000,-4.810871e-01,-1.603282e-01,-4.743740e-01,-1.580246e-01,-4.920642e-01,-1.581102e-01
2.830000,-4.826904e-01,-1.555174e-01,-4.759543e-01,-1.532650e-01,-4.936533e-01,-1.532396e-01
2.840000,-4.842456e-01,-1.506904e-01,-4.774393e-01,-1.485055e-01,-4.951933e-01,-1.483530e-01
2.850000,-4.857525e-01,-1.458480e-01,-4.789244e-01,-1.437163e-01,-4.966843e-01,-1.434511e-01
2.860000,-4.872110e-01,-1.409905e-01,-4.803137e-01,-1.389270e-01,-4.981260e-01,-1.385343e-01
2.870000,-4.886209e-01,-1.361184e-01,-4.817029e-01,-1.341100e-01,-4.995183e-01,-1.336030e-01
2.880000,-4.899821e-01,-1.312321e-01,-4.829959e-01,-1.292930e-01,-5.008610e-01,-1.286578e-01
2.890000,-4.912944e-01,-1.263323e-01,-4.842888e-01,-1.244501e-01,-5.021541e-01,-1.236992e-01
2.900000,-4.925577e-01,-1.214194e-01,-4.854849e-01,-1.196072e-01,-5.033973e-01,-1.187277e-01
2.910000,-4.937719e-01,-1.164938e-01,-4.866809e-01,-1.147404e-01,-5.045905e-01,-1.137437e-01
2.920000,-4.949369e-01,-1.115561e-01,-4.877797e-01,-1.098736e-01,-5.057336e-01,-1.087478e-01
2.930000,-4.960524e-01,-1.066067e-01,-4.888784e-01,-1.049848e-01,-5.068266e-01,-1.037405e-01
2.940000,-4.971185e-01,-1.016462e-01,-4.898794e-01,-1.000960e-01,-5.078692e-01,-9.872219e-02
2.950000,-4.981349e-01,-9.667501e-02,-4.908803e-01,-9.518719e-02,-5.088614e-01,-9.369350e-02
2.960000,-4.991017e-01,-9.169366e-02,-4.917831e-01,-9.027839e-02,-5.098030e-01,-8.865489e-02
2.970000,-5.000186e-01,-8.670264e-02,-4.926859e-01,-8.535153e-02,-5.106940e-01,-8.360686e-02
2.980000,-5.008857e-01,-8.170246e-02,-4.934901e-01,-8.042467e-02,-5.115343e-01,-7.854992e-02
2.990000,-5.017027e-01,-7.669360e-02,-4.942944e-01,-7.548172e-02,-5.123237e-01,-7.348458e-02
3.000000,-5.024696e-01,-7.167657e-02,-4.949998e-01,-7.053878e-02,-5.130622e-01,-6.841134e-02
3.010000,-5.031864e-01,-6.665188e-02,-4.957052e-01,-6.558173e-02,-5.137498e-01,-6.333072e-02
3.020000,-5.038529e-01,-6.162001e-02,-4.963114e-01,-6.062468e-02,-5.143863e-01,-5.824322e-02
3.030000,-5.044691e-01,-5.658148e-02,-4.969177e-01,-5.565550e-02,-5.149716e-01,-5.314936e-02
3.040000,-5.050349e-01,-5.153679e-02,-4.974245e-01,-5.068632e-02,-5.155058e-01,-4.804964e-02
3.050000,-5.055503e-01,-4.648644e-02,-4.979314e-01,-4.570701e-02,-5.159887e-01,-4.294458e-02
3.060000,-5.060151e-01,-4.143094e-02,-4.983387e-01,-4.072770e-02,-5.164203e-01,-3.783470e-02
3.070000,-5.064295e-01,-3.637079e-02,-4.987459e-01,-3.574024e-02,-5.168005e-01,-3.272049e-02
3.080000,-5.067932e-01,-3.130649e-02,-4.990535e-01,-3.075278e-02,-5.171294e-01,-2.760249e-02
3.090000,-5.071062e-01,-2.623856e-02,-4.993610e-01,-2.575917e-02,-5.174068e-01,-2.248119e-02
3.100000,-5.073686e-01,-2.116750e-02,-4.995686e-01,-2.076556e-02,-5.176327e-01,-1.735713e-02
3.110000,-5.075803e-01,-1.609381e-02,-4.997763e-01,-1.576779e-02,-5.178072e-01,-1.223080e-02
3.120000,-5.077412e-01,-1.101801e-02,-4.998840e-01,-1.077003e-02,-5.179301e-01,-7.102726e-03
3.130000,-5.078514e-01,-5.940599e-03,-4.999917e-01,-5.770114e-03,-5.180015e-01,-1.973425e-03
3.140000,-5.079108e-01,-8.620850e-04,-4.999994e-01,-7.701972e-04,-5.180213e-01,3.156589e-03
3.150000,-5.079194e-01,4.217023e-03,-5.000071e-01,4.229874e-03,-5.179896e-01,8.286802e-03
3.160000,-5.078773e-01,9.296218e-03,-4.999148e-01,9.229945e-03,-5.179063e-01,1.341670e-02
3.170000,-5.077843e-01,1.437499e-02,-4.998225e-01,1.422817e-02,-5.177715e-01,1.854576e-02
3.180000,-5.076406e-01,1.945283e-02,-4.996302e-01,1.922640e-02,-5.175851e-01,2.367348e-02
3.190000,-5.074460e-01,2.452924e-02,-4.994380e-01,2.422078e-02,-5.173471e-01,2.879933e-02
3.200000,-5.072007e-01,2.960370e-02,-4.991458e-01,2.921515e-02,-5.170577e-01,3.392280e-02
3.210000,-5.069047e-01,3.467571e-02,-4.988537e-01,3.420369e-02,-5.167168e-01,3.904337e-02
3.220000,-5.065579e-01,3.974475e-02,-4.984618e-01,3.919223e-02,-5.163244e-01,4.416054e-02
3.230000,-5.061605e-01,4.481033e-02,-4.980698e-01,4.417293e-02,-5.158806e-01,4.927379e-02
3.240000,-5.057124e-01,4.987194e-02,-4.975783e-01,4.915363e-02,-5.153854e-01,5.438259e-02
3.250000,-5.052137e-01,5.492906e-02,-4.970868e-01,5.412449e-02,-5.148388e-01,5.948645e-02
3.260000,-5.046644e-01,5.998120e-02,-4.964958e-01,5.909536e-02,-5.142410e-01,6.458483e-02
3.270000,-5.040646e-01,6.502784e-02,-4.959049e-01,6.405441e-02,-5.135919e-01,6.967724e-02
3.280000,-5.034143e-01,7.006849e-02,-4.952147e-01,6.901346e-02,-5.128916e-01,7.476316e-02
3.290000,-5.027136e-01,7.510263e-02,-4.945246e-01,7.395870e-02,-5.121402e-01,7.984208e-02
3.300000,-5.019626e-01,8.012977e-02,-4.937355e-01,7.890395e-02,-5.113378e-01,8.491348e-02
3.310000,-5.011613e-01,8.514939e-02,-4.929465e-01,8.383341e-02,-5.104844e-01,8.997686e-02
3.320000,-5.003098e-01,9.016101e-02,-4.920589e-01,8.876288e-02,-5.095801e-01,9.503170e-02
3.330000,-4.994082e-01,9.516410e-02,-4.911712e-01,9.367459e-02,-5.086250e-01,1.000775e-01
3.340000,-4.984565e-01,1.001582e-01,-4.901854e-01,9.858630e-02,-5.076192e-01,1.051138e-01
3.350000,-4.974550e-01,1.051428e-01,-4.891995e-01,1.034783e-01,-5.065628e-01,1.101399e-01
3.360000,-4.964035e-01,1.101173e-01,-4.881158e-01,1.083703e-01,-5.054559e-01,1.151556e-01
3.370000,-4.953024e-01,1.150813e-01,-4.870321e-01,1.132406e-01,-5.042986e-01,1.201601e-01
3.380000,-4.941515e-01,1.200344e-01,-4.858510e-01,1.181109e-01,-5.030909e-01,1.251531e-01
3.390000,-4.929512e-01,1.249759e-01,-4.846699e-01,1.229576e-01,-5.018331e-01,1.301340e-01
3.400000,-4.917014e-01,1.299054e-01,-4.833919e-01,1.278043e-01,-5.005253e-01,1.351024e-01
3.410000,-4.904024e-01,1.348224e-01,-4.821138e-01,1.326255e-01,-4.991675e-01,1.400576e-01
3.420000,-4.890542e-01,1.397264e-01,-4.807393e-01,1.374466e-01,-4.977599e-01,1.449993e-01
3.430000,-4.876569e-01,1.446170e-01,-4.793649e-01,1.422403e-01,-4.963026e-01,1.499269e-01
3.440000,-4.862107e-01,1.494935e-01,-4.778945e-01,1.470339e-01,-4.947958e-01,1.548399e-01
3.450000,-4.847158e-01,1.543556e-01,-4.764242e-01,1.517982e-01,-4.932396e-01,1.597379e-01
3.460000,-4.831722e-01,1.592028e-01,-4.748586e-01,1.565624e-01,-4.916342e-01,1.646203e-01
3.470000,-4.815802e-01,1.640345e-01,-4.732930e-01,1.612953e-01,-4.899798e-01,1.694866e-01
3.480000,-4.799399e-01,1.688503e-01,-4.716327e-01,1.660283e-01,-4.882764e-01,1.743364e-01
3.490000,-4.782514e-01,1.736497e-01,-4.699724e-01,1.707280e-01,-4.865243e-01,1.791692e-01
3.500000,-4.765149e-01,1.784322e-01,-4.682181e-01,1.754277e-01,-4.847236e-01,1.839844e-01
3.510000,-4.747305e-01,1.831974e-01,-4.664638e-01,1.800923e-01,-4.828745e-01,1.887816e-01
3.520000,-4.728986e-01,1.879447e-01,-4.646163e-01,1.847570e-01,-4.809773e-01,1.935604e-01
3.530000,-4.710191e-01,1.926737e-01,-4.627687e-01,1.893847e-01,-4.790319e-01,1.983202e-01
3.540000,-4.690924e-01,1.973839e-01,-4.608286e-01,1.940124e-01,-4.770388e-01,2.030605e-01
3.550000,-4.671185e-01,2.020748e-01,-4.588884e-01,1.986012e-01,-4.749980e-01,2.077809e-01
3.560000,-4.650978e-01,2.067460e-01,-4.568565e-01,2.031901e-01,-4.729098e-01,2.124809e-01
3.570000,-4.630303e-01,2.113970e-01,-4.548246e-01,2.077384e-01,-4.707743e-01,2.171600e-01
3.580000,-4.609164e-01,2.160273e-01,-4.527018e-01,2.122866e-01,-4.685918e-01,2.218177e-01
3.590000,-4.587561e-01,2.206364e-01,-4.505789e-01,2.167924e-01,-4.663625e-01,2.264536e-01
3.600000,-4.565497e-01,2.252240e-01,-4.483659e-01,2.212982e-01,-4.640866e-01,2.310672e-01
3.610000,-4.542975e-01,2.297895e-01,-4.461529e-01,2.257597e-01,-4.617643e-01,2.356581e-01
3.620000,-4.519996e-01,2.343325e-01,-4.438507e-01,2.302212e-01,-4.593959e-01,2.402257e-01
3.630000,-4.496563e-01,2.388525e-01,-4.415485e-01,2.346367e-01,-4.569816e-01,2.447697e-01
3.640000,-4.472677e-01,2.433490e-01,-4.391580e-01,2.390522e-01,-4.545216e-01,2.492895e-01
3.650000,-4.448343e-01,2.478217e-01,-4.367675e-01,2.434199e-01,-4.520162e-01,2.537847e-01
3.660000,-4.423560e-01,2.522700e-01,-4.342896e-01,2.477876e-01,-4.494657e-01,2.582549e-01
3.670000,-4.398333e-01,2.566936e-01,-4.318117e-01,2.521057e-01,-4.468702e-01,2.626996e-01
3.680000,-4.372664e-01,2.610919e-01,-4.292475e-01,2.564238e-01,-4.442300e-01,2.671183e-01
3.690000,-4.346555e-01,2.654646e-01,-4.266833e-01,2.606906e-01,-4.415454e-01,2.715106e-01
3.700000,-4.320008e-01,2.698111e-01,-4.240337e-01,2.649575e-01,-4.388167e-01,2.758760e-01
3.710000,-4.293027e-01,2.741312e-01,-4.213841e-01,2.691713e-01,-4.360441e-01,2.802142e-01
3.720000,-4.265614e-01,2.784242e-01,-4.186503e-01,2.733852e-01,-4.332279e-01,2.845246e-01
3.730000,-4.237772e-01,2.826898e-01,-4.159164e-01,2.775443e-01,-4.303684e-01,2.888069e-01
3.740000,-4.209503e-01,2.869276e-01,-4.130994e-01,2.817035e-01,-4.274658e-01,2.930606e-01
3.750000,-4.180810e-01,2.911371e-01,-4.102823e-01,2.858063e-01,-4.245205e-01,2.972852e-01
3.760000,-4.151696e-01,2.953179e-01,-4.073832e-01,2.899091e-01,-4.215327e-01,3.014804e-01
3.770000,-4.122164e-01,2.994696e-01,-4.044841e-01,2.939540e-01,-4.185028e-01,3.056458e-01
3.780000,-4.092218e-01,3.035917e-01,-4.015042e-01,2.979988e-01,-4.154310e-01,3.097808e-01
3.790000,-4.061858e-01,3.076840e-01,-3.985242e-01,3.019841e-01,-4.123177e-01,3.138851e-01
3.800000,-4.031090e-01,3.117458e-01,-3.954645e-01,3.059693e-01,-4.091631e-01,3.179583e-01
3.810000,-3.999915e-01,3.157769e-01,-3.924048e-01,3.098933e-01,-4.059675e-01,3.219999e-01
3.820000,-3.968338e-01,3.197768e-01,-3.892666e-01,3.138174e-01,-4.027314e-01,3.260096e-01
3.830000,-3.936360e-01,3.237452e-01,-3.861284e-01,3.176787e-01,-3.994549e-01,3.299869e-01
3.840000,-3.903985e-01,3.276815e-01,-3.829130e-01,3.215400e-01,-3.961385e-01,3.339315e-01
3.850000,-3.871217e-01,3.315855e-01,-3.796976e-01,3.253369e-01,-3.927824e-01,3.378428e-01
3.860000,-3.838059e-01,3.354567e-01,-3.764063e-01,3.291339e-01,-3.893871e-01,3.417207e-01
3.870000,-3.804513e-01,3.392948e-01,-3.731150e-01,3.328651e-01,-3.859527e-01,3.455645e-01
3.880000,-3.770584e-01,3.430993e-01,-3.697490e-01,3.365962e-01,-3.824797e-01,3.493741e-01
3.890000,-3.736274e-01,3.468699e-01,-3.663830e-01,3.402600e-01,-3.789685e-01,3.531489e-01
3.900000,-3.701587e-01,3.506062e-01,-3.629438e-01,3.439239e-01,-3.754193e-01,3.568885e-01
3.910000,-3.666526e-01,3.543077e-01,-3.595046e-01,3.475189e-01,-3.718325e-01,3.605927e-01
3.920000,-3.631095e-01,3.579743e-01,-3.559934e-01,3.511140e-01,-3.682084e-01,3.642611e-01
3.930000,-3.595298e-01,3.616054e-01,-3.524823e-01,3.546388e-01,-3.645476e-01,3.678931e-01
3.940000,-3.559137e-01,3.652007e-01,-3.489006e-01,3.581636e-01,-3.608502e-01,3.714886e-01
3.950000,-3.522617e-01,3.687598e-01,-3.453190e-01,3.616168e-01,-3.571166e-01,3.750471e-01
3.960000,-3.485741e-01,3.722824e-01,-3.416683e-01,3.650700e-01,-3.533474e-01,3.785683e-01
3.970000,-3.448513e-01,3.757682e-01,-3.380176e-01,3.684502e-01,-3.495427e-01,3.820518e-01
3.980000,-3.410936e-01,3.792167e-01,-3.342993e-01,3.718303e-01,-3.457030e-01,3.854972e-01
3.990000,-3.373015e-01,3.826276e-01,-3.305810e-01,3.751361e-01,-3.418287e-01,3.889042e-01
4.000000,-3.334752e-01,3.860006e-01,-3.267966e-01,3.784420e-01,-3.379201e-01,3.922725e-01
4.010000,-3.296152e-01,3.893354e-01,-3.230122e-01,3.816721e-01,-3.339777e-01,3.956017e-01
4.020000,-3.257218e-01,3.926315e-01,-3.191631e-01,3.849022e-01,-3.300019e-01,3.988915e-01
4.030000,-3.217955e-01,3.958887e-01,-3.153141e-01,3.880553e-01,-3.259929e-01,4.021415e-01
4.040000,-3.178366e-01,3.991067e-01,-3.114020e-01,3.912085e-01,-3.219514e-01,4.053514e-01
4.050000,-3.138456e-01,4.022851e-01,-3.074899e-01,3.942834e-01,-3.178775e-01,4.085209e-01
4.060000,-3.098227e-01,4.054235e-01,-3.035164e-01,3.973583e-01,-3.137718e-01,4.116497e-01
4.070000,-3.057685e-01,4.085217e-01,-2.995428e-01,4.003537e-01,-3.096347e-01,4.147374e-01
4.080000,-3.016832e-01,4.115794e-01,-2.955093e-01,4.033491e-01,-3.054665e-01,4.177838e-01
4.090000,-2.975675e-01,4.145963e-01,-2.914758e-01,4.062639e-01,-3.012677e-01,4.207885e-01
4.100000,-2.934215e-01,4.175719e-01,-2.873840e-01,4.091787e-01,-2.970387e-01,4.237511e-01
4.110000,-2.892458e-01,4.205061e-01,-2.832922e-01,4.120116e-01,-2.927799e-01,4.266715e-01
4.120000,-2.850407e-01,4.233986e-01,-2.791438e-01,4.148445e-01,-2.884918e-01,4.295493e-01
4.130000,-2.808067e-01,4.262490e-01,-2.749953e-01,4.175945e-01,-2.841748e-01,4.323842e-01
4.140000,-2.765442e-01,4.290571e-01,-2.707919e-01,4.203444e-01,-2.798292e-01,4.351760e-01
4.150000,-2.722537e-01,4.318225e-01,-2.665884e-01,4.230103e-01,-2.754556e-01,4.379243e-01
4.160000,-2.679354e-01,4.345451e-01,-2.623317e-01,4.256762e-01,-2.710544e-01,4.406288e-01
4.170000,-2.635900e-01,4.372244e-01,-2.580749e-01,4.282569e-01,-2.666260e-01,4.432894e-01
4.180000,-2.592177e-01,4.398603e-01,-2.537665e-01,4.308377e-01,-2.621709e-01,4.459056e-01
4.190000,-2.548191e-01,4.424525e-01,-2.494582e-01,4.333323e-01,-2.576895e-01,4.484773e-01
4.200000,-2.503946e-01,4.450007e-01,-2.450999e-01,4.358268e-01,-2.531822e-01,4.510042e-01
4.210000,-2.459446e-01,4.475046e-01,-2.407416e-01,4.382343e-01,-2.486495e-01,4.534861e-01
4.220000,-2.414696e-01,4.499641e-01,-2.363352e-01,4.406417e-01,-2.440919e-01,4.559226e-01
4.230000,-2.369699e-01,4.523788e-01,-2.319288e-01,4.429610e-01,-2.395098e-01,4.583135e-01
4.240000,-2.324461e-01,4.547485e-01,-2.274760e-01,4.452802e-01,-2.349037e-01,4.606586e-01
4.250000,-2.278987e-01,4.570729e-01,-2.230232e-01,4.475105e-01,-2.302740e-01,4.629576e-01
4.260000,-2.233279e-01,4.593519e-01,-2.185258e-01,4.497407e-01,-2.256212e-01,4.652103e-01
4.270000,-2.187344e-01,4.615852e-01,-2.140284e-01,4.518810e-01,-2.209457e-01,4.674166e-01
4.280000,-2.141186e-01,4.637725e-01,-2.094882e-01,4.540213e-01,-2.162481e-01,4.695760e-01
4.290000,-2.094808e-01,4.659137e-01,-2.049480e-01,4.560708e-01,-2.115288e-01,4.716885e-01
4.300000,-2.048217e-01,4.680085e-01,-2.003668e-01,4.581202e-01,-2.067883e-01,4.737538e-01
4.310000,-2.001416e-01,4.700568e-01,-1.957856e-01,4.600781e-01,-2.020270e-01,4.757717e-01
4.320000,-1.954410e-01,4.720582e-01,-1.911652e-01,4.620359e-01,-1.972454e-01,4.777419e-01
4.330000,-1.907205e-01,4.740126e-01,-1.865448e-01,4.639014e-01,-1.924440e-01,4.796644e-01
4.340000,-1.859803e-01,4.759198e-01,-1.818872e-01,4.657668e-01,-1.876233e-01,4.815388e-01
4.350000,-1.812211e-01,4.777796e-01,-1.772295e-01,4.675391e-01,-1.827837e-01,4.833651e-01
4.360000,-1.764433e-01,4.795918e-01,-1.725364e-01,4.693114e-01,-1.779258e-01,4.851429e-01
4.370000,-1.716474e-01,4.813562e-01,-1.678433e-01,4.709899e-01,-1.730501e-01,4.868722e-01
4.380000,-1.668339e-01,4.830727e-01,-1.631166e-01,4.726683e-01,-1.681569e-01,4.885527e-01
4.390000,-1.620031e-01,4.847410e-01,-1.583899e-01,4.742522e-01,-1.632469e-01,4.901842e-01
4.400000,-1.571557e-01,4.863611e-01,-1.536315e-01,4.758361e-01,-1.583205e-01,4.917667e-01
4.410000,-1.522921e-01,4.879326e-01,-1.488732e-01,4.773248e-01,-1.533781e-01,4.932999e-01
4.420000,-1.474128e-01,4.894556e-01,-1.440850e-01,4.788136e-01,-1.484204e-01,4.947837e-01
4.430000,-1.425182e-01,4.909297e-01,-1.392969e-01,4.802065e-01,-1.434477e-01,4.962179e-01
4.440000,-1.376089e-01,4.923549e-01,-1.344809e-01,4.815995e-01,-1.384606e-01,4.976024e-01
4.450000,-1.326854e-01,4.937310e-01,-1.296649e-01,4.828961e-01,-1.334597e-01,4.989370e-01
4.460000,-1.277481e-01,4.950578e-01,-1.248230e-01,4.841928e-01,-1.284453e-01,5.002216e-01
4.470000,-1.227975e-01,4.963353e-01,-1.199811e-01,4.853926e-01,-1.234179e-01,5.014560e-01
4.480000,-1.178341e-01,4.975633e-01,-1.151151e-01,4.865924e-01,-1.183782e-01,5.026402e-01
4.490000,-1.128585e-01,4.987416e-01,-1.102492e-01,4.876949e-01,-1.133266e-01,5.037740e-01
4.500000,-1.078711e-01,4.998702e-01,-1.053612e-01,4.887974e-01,-1.082636e-01,5.048573e-01
4.510000,-1.028724e-01,5.009489e-01,-1.004733e-01,4.898021e-01,-1.031897e-01,5.058899e-01
4.520000,-9.786290e-02,5.019776e-01,-9.556520e-02,4.908069e-01,-9.810542e-02,5.068718e-01
4.530000,-9.284312e-02,5.029563e-01,-9.065713e-02,4.917134e-01,-9.301127e-02,5.078028e-01
4.540000,-8.781356e-02,5.038847e-01,-8.573093e-02,4.926200e-01,-8.790777e-02,5.086830e-01
4.550000,-8.277471e-02,5.047628e-01,-8.080473e-02,4.934281e-01,-8.279542e-02,5.095120e-01
4.560000,-7.772708e-02,5.055906e-01,-7.586237e-02,4.942361e-01,-7.767474e-02,5.102900e-01
4.570000,-7.267118e-02,5.063678e-01,-7.092001e-02,4.949453e-01,-7.254624e-02,5.110167e-01
4.580000,-6.760750e-02,5.070945e-01,-6.596346e-02,4.956545e-01,-6.741044e-02,5.116922e-01
4.590000,-6.253655e-02,5.077706e-01,-6.100692e-02,4.962646e-01,-6.226785e-02,5.123163e-01
4.600000,-5.745885e-02,5.083960e-01,-5.603817e-02,4.968746e-01,-5.711898e-02,5.128890e-01
4.610000,-5.237489e-02,5.089706e-01,-5.106942e-02,4.973853e-01,-5.196436e-02,5.134102e-01
4.620000,-4.728518e-02,5.094943e-01,-4.609046e-02,4.978960e-01,-4.680450e-02,5.138798e-01
4.630000,-4.219024e-02,5.099672e-01,-4.111150e-02,4.983071e-01,-4.163993e-02,5.142979e-01
4.640000,-3.709057e-02,5.103891e-01,-3.612432e-02,4.987183e-01,-3.647115e-02,5.146643e-01
4.650000,-3.198668e-02,5.107600e-01,-3.113714e-02,4.990296e-01,-3.129868e-02,5.149790e-01
4.660000,-2.687908e-02,5.110799e-01,-2.614373e-02,4.993410e-01,-2.612306e-02,5.152420e-01
4.670000,-2.176828e-02,5.113486e-01,-2.115032e-02,4.995525e-01,-2.094479e-02,5.154532e-01
4.680000,-1.665479e-02,5.115663e-01,-1.615268e-02,4.997640e-01,-1.576440e-02,5.156126e-01
4.690000,-1.153913e-02,5.117329e-01,-1.115504e-02,4.998756e-01,-1.058241e-02,5.157203e-01
4.700000,-6.421800e-03,5.118483e-01,-6.155166e-03,4.999871e-01,-5.399333e-03,5.157761e-01
4.710000,-1.303317e-03,5.119125e-01,-1.155295e-03,4.999987e-01,-2.156970e-04,5.157801e-01
4.720000,3.815808e-03,5.119255e-01,3.844807e-03,5.000102e-01,4.967979e-03,5.157322e-01
4.730000,8.935063e-03,5.118874e-01,8.844909e-03,4.999218e-01,1.015117e-02,5.156326e-01
4.740000,1.405394e-02,5.117980e-01,1.384324e-02,4.998333e-01,1.533337e-02,5.154811e-01
4.750000,1.917192e-02,5.116575e-01,1.884158e-02,4.996449e-01,2.051404e-02,5.152777e-01
4.760000,2.428849e-02,5.114657e-01,2.383614e-02,4.994565e-01,2.569267e-02,5.150226e-01
4.770000,2.940315e-02,5.112229e-01,2.883071e-02,4.991682e-01,3.086873e-02,5.147157e-01
4.780000,3.451538e-02,5.109288e-01,3.381950e-02,4.988799e-01,3.604171e-02,5.143570e-01
4.790000,3.962467e-02,5.105837e-01,3.880830e-02,4.984918e-01,4.121108e-02,5.139466e-01
4.800000,4.473050e-02,5.101874e-01,4.378934e-02,4.981037e-01,4.637633e-02,5.134844e-01
4.810000,4.983238e-02,5.097401e-01,4.877038e-02,4.976160e-01,5.153693e-02,5.129707e-01
4.820000,5.492978e-02,5.092418e-01,5.374166e-02,4.971283e-01,5.669237e-02,5.124053e-01
4.830000,6.002220e-02,5.086925e-01,5.871294e-02,4.965412e-01,6.184213e-02,5.117884e-01
4.840000,6.510912e-02,5.080923e-01,6.367248e-02,4.959540e-01,6.698569e-02,5.111200e-01
4.850000,7.019004e-02,5.074412e-01,6.863202e-02,4.952677e-01,7.212253e-02,5.104001e-01
4.860000,7.526446e-02,5.067393e-01,7.357784e-02,4.945814e-01,7.725214e-02,5.096289e-01
4.870000,8.033185e-02,5.059866e-01,7.852365e-02,4.937962e-01,8.237400e-02,5.088064e-01
4.880000,8.539172e-02,5.051833e-01,8.345376e-02,4.930109e-01,8.748758e-02,5.079326e-01
4.890000,9.044355e-02,5.043294e-01,8.838387e-02,4.921271e-01,9.259239e-02,5.070077e-01
4.900000,9.548684e-02,5.034250e-01,9.329630e-02,4.912433e-01,9.768790e-02,5.060318e-01
4.910000,1.005211e-01,5.024701e-01,9.820874e-02,4.902612e-01,1.027736e-01,5.050049e-01
4.920000,1.055458e-01,5.014649e-01,1.031015e-01,4.892791e-01,1.078490e-01,5.039272e-01
4.930000,1.105604e-01,5.004094e-01,1.079943e-01,4.881991e-01,1.129135e-01,5.027987e-01
4.940000,1.155645e-01,4.993038e-01,1.128655e-01,4.871192e-01,1.179668e-01,5.016196e-01
4.950000,1.205576e-01,4.981482e-01,1.177367e-01,4.859418e-01,1.230081e-01,5.003899e-01
4.960000,1.255391e-01,4.969426e-01,1.225843e-01,4.847645e-01,1.280371e-01,4.991098e-01
4.970000,1.305085e-01,4.956872e-01,1.274320e-01,4.834901e-01,1.330533e-01,4.977795e-01
4.980000,1.354654e-01,4.943821e-01,1.322541e-01,4.822158e-01,1.380560e-01,4.963989e-01
4.990000,1.404092e-01,4.930275e-01,1.370763e-01,4.808451e-01,1.430449e-01,4.949684e-01
5.000000,1.453395e-01,4.916234e-01,1.418710e-01,4.794743e-01,1.480194e-01,4.934879e-01
5.010000,1.502557e-01,4.901700e-01,1.466658e-01,4.780076e-01,1.529791e-01,4.919577e-01
5.020000,1.551574e-01,4.886674e-01,1.514312e-01,4.765410e-01,1.579233e-01,4.903779e-01
5.030000,1.600441e-01,4.871159e-01,1.561966e-01,4.749790e-01,1.628517e-01,4.887487e-01
5.040000,1.649152e-01,4.855154e-01,1.609308e-01,4.734170e-01,1.677637e-01,4.870702e-01
5.050000,1.697704e-01,4.838663e-01,1.656650e-01,4.717604e-01,1.726588e-01,4.853425e-01
5.060000,1.746090e-01,4.821686e-01,1.703660e-01,4.701037e-01,1.775366e-01,4.835660e-01
5.070000,1.794307e-01,4.804225e-01,1.750670e-01,4.683531e-01,1.823965e-01,4.817406e-01
5.080000,1.842349e-01,4.786282e-01,1.797331e-01,4.666024e-01,1.872381e-01,4.798666e-01
5.090000,1.890212e-01,4.767858e-01,1.843991e-01,4.647584e-01,1.920609e-01,4.779442e-01
5.100000,1.937891e-01,4.748956e-01,1.890282e-01,4.629144e-01,1.968643e-01,4.759736e-01
5.110000,1.985380e-01,4.729577e-01,1.936574e-01,4.609778e-01,2.016479e-01,4.739550e-01
5.120000,2.032676e-01,4.709723e-01,1.982478e-01,4.590413e-01,2.064112e-01,4.718885e-01
5.130000,2.079773e-01,4.689397e-01,2.028382e-01,4.570129e-01,2.111538e-01,4.697744e-01
5.140000,2.126667e-01,4.668599e-01,2.073880e-01,4.549845e-01,2.158751e-01,4.676129e-01
5.150000,2.173353e-01,4.647332e-01,2.119379e-01,4.528651e-01,2.205747e-01,4.654041e-01
5.160000,2.219827e-01,4.625599e-01,2.164453e-01,4.507458e-01,2.252521e-01,4.631484e-01
5.170000,2.266083e-01,4.603400e-01,2.209528e-01,4.485362e-01,2.299068e-01,4.608458e-01
5.180000,2.312117e-01,4.580740e-01,2.254161e-01,4.463267e-01,2.345384e-01,4.584968e-01
5.190000,2.357924e-01,4.557618e-01,2.298793e-01,4.440279e-01,2.391463e-01,4.561014e-01
5.200000,2.403500e-01,4.534039e-01,2.342966e-01,4.417291e-01,2.437302e-01,4.536599e-01
5.210000,2.448841e-01,4.510004e-01,2.387139e-01,4.393420e-01,2.482896e-01,4.511726e-01
5.220000,2.493941e-01,4.485516e-01,2.430835e-01,4.369548e-01,2.528239e-01,4.486397e-01
5.230000,2.538796e-01,4.460576e-01,2.474530e-01,4.344803e-01,2.573328e-01,4.460615e-01
5.240000,2.583402e-01,4.435188e-01,2.517731e-01,4.320058e-01,2.618158e-01,4.434382e-01
5.250000,2.627754e-01,4.409354e-01,2.560931e-01,4.294448e-01,2.662725e-01,4.407700e-01
5.260000,2.671847e-01,4.383077e-01,2.603620e-01,4.268839e-01,2.707023e-01,4.380573e-01
5.270000,2.715678e-01,4.356358e-01,2.646308e-01,4.242376e-01,2.751048e-01,4.353003e-01
5.280000,2.759241e-01,4.329202e-01,2.688467e-01,4.215913e-01,2.794797e-01,4.324992e-01
5.290000,2.802533e-01,4.301609e-01,2.730626e-01,4.188607e-01,2.838264e-01,4.296544e-01
5.300000,2.845550e-01,4.273584e-01,2.772239e-01,4.161300e-01,2.881445e-01,4.267662e-01
5.310000,2.888285e-01,4.245128e-01,2.813852e-01,4.133162e-01,2.924335e-01,4.238347e-01
5.320000,2.930737e-01,4.216246e-01,2.854903e-01,4.105023e-01,2.966931e-01,4.208604e-01
5.330000,2.972899e-01,4.186938e-01,2.895953e-01,4.076064e-01,3.009229e-01,4.178434e-01
5.340000,3.014768e-01,4.157209e-01,2.936424e-01,4.047104e-01,3.051222e-01,4.147842e-01
5.350000,3.056341e-01,4.127061e-01,2.976895e-01,4.017335e-01,3.092909e-01,4.116830e-01
5.360000,3.097611e-01,4.096498e-01,3.016770e-01,3.987566e-01,3.134284e-01,4.085401e-01
5.370000,3.138576e-01,4.065522e-01,3.056646e-01,3.957000e-01,3.175343e-01,4.053558e-01
5.380000,3.179231e-01,4.034136e-01,3.095910e-01,3.926433e-01,3.216082e-01,4.021305e-01
5.390000,3.219573e-01,4.002344e-01,3.135175e-01,3.895082e-01,3.256496e-01,3.988644e-01
5.400000,3.259596e-01,3.970148e-01,3.173812e-01,3.863730e-01,3.296583e-01,3.955579e-01
5.410000,3.299298e-01,3.937552e-01,3.212449e-01,3.831605e-01,3.336337e-01,3.922113e-01
5.420000,3.338673e-01,3.904559e-01,3.250444e-01,3.799481e-01,3.375755e-01,3.888250e-01
5.430000,3.377719e-01,3.871172e-01,3.288439e-01,3.766597e-01,3.414833e-01,3.853992e-01
5.440000,3.416431e-01,3.837395e-01,3.325776e-01,3.733712e-01,3.453566e-01,3.819344e-01
5.450000,3.454804e-01,3.803231e-01,3.363113e-01,3.700081e-01,3.491951e-01,3.784308e-01
5.460000,3.492837e-01,3.768683e-01,3.399778e-01,3.666450e-01,3.529984e-01,3.748889e-01
5.470000,3.530524e-01,3.733755e-01,3.436442e-01,3.632086e-01,3.567661e-01,3.713089e-01
5.480000,3.567861e-01,3.698449e-01,3.472420e-01,3.597721e-01,3.604978e-01,3.676912e-01
5.490000,3.604846e-01,3.662771e-01,3.508397e-01,3.562637e-01,3.641932e-01,3.640362e-01
5.500000,3.641473e-01,3.626722e-01,3.543672e-01,3.527553e-01,3.678518e-01,3.603443e-01
5.510000,3.677741e-01,3.590308e-01,3.578948e-01,3.491764e-01,3.714733e-01,3.566158e-01
5.520000,3.713644e-01,3.553530e-01,3.613508e-01,3.455974e-01,3.750574e-01,3.528510e-01
5.530000,3.749179e-01,3.516394e-01,3.648067e-01,3.419494e-01,3.786036e-01,3.490505e-01
5.540000,3.784343e-01,3.478902e-01,3.681897e-01,3.383013e-01,3.821116e-01,3.452144e-01
5.550000,3.819132e-01,3.441058e-01,3.715728e-01,3.345856e-01,3.855810e-01,3.413433e-01
5.560000,3.853542e-01,3.402867e-01,3.748815e-01,3.308698e-01,3.890116e-01,3.374375e-01
5.570000,3.887571e-01,3.364332e-01,3.781901e-01,3.270879e-01,3.924029e-01,3.334974e-01
5.580000,3.921214e-01,3.325456e-01,3.814232e-01,3.233060e-01,3.957546e-01,3.295234e-01
5.590000,3.954469e-01,3.286244e-01,3.846563e-01,3.194595e-01,3.990664e-01,3.255158e-01
5.600000,3.987331e-01,3.246699e-01,3.878124e-01,3.156129e-01,4.023379e-01,3.214752e-01
5.610000,4.019798e-01,3.206826e-01,3.909685e-01,3.117032e-01,4.055687e-01,3.174018e-01
5.620000,4.051867e-01,3.166628e-01,3.940465e-01,3.077935e-01,4.087587e-01,3.132961e-01
5.630000,4.083533e-01,3.126109e-01,3.971244e-01,3.038223e-01,4.119074e-01,3.091585e-01
5.640000,4.114794e-01,3.085274e-01,4.001229e-01,2.998510e-01,4.150145e-01,3.049894e-01
5.650000,4.145647e-01,3.044126e-01,4.031214e-01,2.958198e-01,4.180797e-01,3.007893e-01
5.660000,4.176088e-01,3.002669e-01,4.060393e-01,2.917886e-01,4.211026e-01,2.965585e-01
5.670000,4.206115e-01,2.960909e-01,4.089572e-01,2.876990e-01,4.240831e-01,2.922975e-01
5.680000,4.235724e-01,2.918847e-01,4.117933e-01,2.836095e-01,4.270207e-01,2.880066e-01
5.690000,4.264912e-01,2.876490e-01,4.146294e-01,2.794632e-01,4.299152e-01,2.836864e-01
5.700000,4.293677e-01,2.833841e-01,4.173825e-01,2.753169e-01,4.327663e-01,2.793373e-01
5.710000,4.322016e-01,2.790904e-01,4.201357e-01,2.711155e-01,4.355737e-01,2.749596e-01
5.720000,4.349925e-01,2.747684e-01,4.228049e-01,2.669142e-01,4.383371e-01,2.705539e-01
5.730000,4.377402e-01,2.704185e-01,4.254740e-01,2.626594e-01,4.410562e-01,2.661205e-01
5.740000,4.404443e-01,2.660411e-01,4.280580e-01,2.584047e-01,4.437308e-01,2.616599e-01
5.750000,4.431048e-01,2.616366e-01,4.306421e-01,2.540983e-01,4.463605e-01,2.571726e-01
5.760000,4.457211e-01,2.572056e-01,4.331400e-01,2.497918e-01,4.489451e-01,2.526590e-01
5.770000,4.482932e-01,2.527484e-01,4.356379e-01,2.454355e-01,4.514844e-01,2.481196e-01
5.780000,4.508207e-01,2.482655e-01,4.380487e-01,2.410791e-01,4.539781e-01,2.435547e-01
5.790000,4.533033e-01,2.437573e-01,4.404595e-01,2.366745e-01,4.564258e-01,2.389649e-01
5.800000,4.557409e-01,2.392242e-01,4.427822e-01,2.322699e-01,4.588275e-01,2.343507e-01
5.810000,4.581331e-01,2.346668e-01,4.451049e-01,2.278189e-01,4.611827e-01,2.297124e-01
5.820000,4.604798e-01,2.300855e-01,4.473386e-01,2.233678e-01,4.634914e-01,2.250506e-01
5.830000,4.627807e-01,2.254807e-01,4.495723e-01,2.188721e-01,4.657532e-01,2.203657e-01
5.840000,4.650355e-01,2.208529e-01,4.517160e-01,2.143764e-01,4.679679e-01,2.156581e-01
5.850000,4.672440e-01,2.162025e-01,4.538598e-01,2.098378e-01,4.701353e-01,2.109285e-01
5.860000,4.694060e-01,2.115301e-01,4.559128e-01,2.052992e-01,4.722551e-01,2.061771e-01
5.870000,4.715213e-01,2.068360e-01,4.579658e-01,2.007195e-01,4.743273e-01,2.014046e-01
5.880000,4.735897e-01,2.021208e-01,4.599272e-01,1.961398e-01,4.763514e-01,1.966113e-01
5.890000,4.756109e-01,1.973849e-01,4.618886e-01,1.915210e-01,4.783274e-01,1.917978e-01
5.900000,4.775847e-01,1.926288e-01,4.637576e-01,1.869021e-01,4.802550e-01,1.869645e-01
5.910000,4.795110e-01,1.878530e-01,4.656266e-01,1.822458e-01,4.821340e-01,1.821119e-01
5.920000,4.813895e-01,1.830578e-01,4.674025e-01,1.775895e-01,4.839643e-01,1.772406e-01
5.930000,4.832201e-01,1.782439e-01,4.691784e-01,1.728978e-01,4.857456e-01,1.723510e-01
5.940000,4.850026e-01,1.734117e-01,4.708605e-01,1.682060e-01,4.874777e-01,1.674435e-01
5.950000,4.867367e-01,1.685617e-01,4.725425e-01,1.634805e-01,4.891605e-01,1.625187e-01
5.960000,4.884223e-01,1.636944e-01,4.741301e-01,1.587551e-01,4.907939e-01,1.575771e-01
5.970000,4.900592e-01,1.588101e-01,4.757176e-01,1.539979e-01,4.923776e-01,1.526192e-01
5.980000,4.916473e-01,1.539095e-01,4.772100e-01,1.492408e-01,4.939114e-01,1.476454e-01
5.990000,4.931864e-01,1.489931e-01,4.787024e-01,1.444537e-01,4.953953e-01,1.426563e-01
